"experiment","variant","fixture","phase","metric","value","n","source","size","bytes","png_bytes","under_1_mib","repeat"
"optimized","baseline","expression","preparation_total","local_warm_wall_mean_ms","3.9617799999999987","50","AI_PNG_OPTIMIZED_2026-10-02_LOCAL.json","1080","5110786","","",""
"optimized","baseline","expression","assembly","local_warm_wall_mean_ms","2.340488000000014","50","AI_PNG_OPTIMIZED_2026-10-02_LOCAL.json","1080","5110786","","",""
"optimized","baseline","comparison","preparation_total","local_warm_wall_mean_ms","2.512440000000042","50","AI_PNG_OPTIMIZED_2026-10-02_LOCAL.json","1080","3418978","","",""
"optimized","baseline","comparison","assembly","local_warm_wall_mean_ms","2.209999999999991","50","AI_PNG_OPTIMIZED_2026-10-02_LOCAL.json","1080","3418978","","",""
"optimized","baseline","long","preparation_total","local_warm_wall_mean_ms","2.974073999999992","50","AI_PNG_OPTIMIZED_2026-10-02_LOCAL.json","1080","3465708","","",""
"optimized","baseline","long","assembly","local_warm_wall_mean_ms","2.938102000000017","50","AI_PNG_OPTIMIZED_2026-10-02_LOCAL.json","1080","3465708","","",""
"optimized","baseline","long_comparison","preparation_total","local_warm_wall_mean_ms","3.009508000000005","50","AI_PNG_OPTIMIZED_2026-10-02_LOCAL.json","1080","3282532","","",""
"optimized","baseline","long_comparison","assembly","local_warm_wall_mean_ms","2.823994000000002","50","AI_PNG_OPTIMIZED_2026-10-02_LOCAL.json","1080","3282532","","",""
"optimized","baseline","coverage","preparation_total","local_warm_wall_mean_ms","8.31402199999997","50","AI_PNG_OPTIMIZED_2026-10-02_LOCAL.json","1080","7614150","","",""
"optimized","baseline","coverage","assembly","local_warm_wall_mean_ms","4.209110000000019","50","AI_PNG_OPTIMIZED_2026-10-02_LOCAL.json","1080","7614150","","",""
"optimized","pages64","expression","preparation_total","local_warm_wall_mean_ms","3.6727820000000064","50","AI_PNG_OPTIMIZED_2026-10-02_LOCAL.json","1080","526235","","",""
"optimized","pages64","expression","assembly","local_warm_wall_mean_ms","2.355609999999978","50","AI_PNG_OPTIMIZED_2026-10-02_LOCAL.json","1080","526235","","",""
"optimized","pages64","comparison","preparation_total","local_warm_wall_mean_ms","1.4229499999999642","50","AI_PNG_OPTIMIZED_2026-10-02_LOCAL.json","1080","345670","","",""
"optimized","pages64","comparison","assembly","local_warm_wall_mean_ms","2.199888000000028","50","AI_PNG_OPTIMIZED_2026-10-02_LOCAL.json","1080","345670","","",""
"optimized","pages64","long","preparation_total","local_warm_wall_mean_ms","3.3110779999999793","50","AI_PNG_OPTIMIZED_2026-10-02_LOCAL.json","1080","527303","","",""
"optimized","pages64","long","assembly","local_warm_wall_mean_ms","3.117634000000053","50","AI_PNG_OPTIMIZED_2026-10-02_LOCAL.json","1080","527303","","",""
"optimized","pages64","long_comparison","preparation_total","local_warm_wall_mean_ms","3.1400200000000225","50","AI_PNG_OPTIMIZED_2026-10-02_LOCAL.json","1080","570368","","",""
"optimized","pages64","long_comparison","assembly","local_warm_wall_mean_ms","2.9381020000000535","50","AI_PNG_OPTIMIZED_2026-10-02_LOCAL.json","1080","570368","","",""
"optimized","pages64","coverage","preparation_total","local_warm_wall_mean_ms","8.065444000000006","50","AI_PNG_OPTIMIZED_2026-10-02_LOCAL.json","1080","1022767","","",""
"optimized","pages64","coverage","assembly","local_warm_wall_mean_ms","3.2335360000000035","50","AI_PNG_OPTIMIZED_2026-10-02_LOCAL.json","1080","1022767","","",""
"optimized","pages32","expression","preparation_total","local_warm_wall_mean_ms","2.640443999999989","50","AI_PNG_OPTIMIZED_2026-10-02_LOCAL.json","1080","275066","","",""
"optimized","pages32","expression","assembly","local_warm_wall_mean_ms","2.1034040000000096","50","AI_PNG_OPTIMIZED_2026-10-02_LOCAL.json","1080","275066","","",""
"optimized","pages32","comparison","preparation_total","local_warm_wall_mean_ms","1.3020799999999872","50","AI_PNG_OPTIMIZED_2026-10-02_LOCAL.json","1080","177835","","",""
"optimized","pages32","comparison","assembly","local_warm_wall_mean_ms","1.9227780000000347","50","AI_PNG_OPTIMIZED_2026-10-02_LOCAL.json","1080","177835","","",""
"optimized","pages32","long","preparation_total","local_warm_wall_mean_ms","2.9351619999999636","50","AI_PNG_OPTIMIZED_2026-10-02_LOCAL.json","1080","292361","","",""
"optimized","pages32","long","assembly","local_warm_wall_mean_ms","2.8392020000000953","50","AI_PNG_OPTIMIZED_2026-10-02_LOCAL.json","1080","292361","","",""
"optimized","pages32","long_comparison","preparation_total","local_warm_wall_mean_ms","3.0449319999999895","50","AI_PNG_OPTIMIZED_2026-10-02_LOCAL.json","1080","300124","","",""
"optimized","pages32","long_comparison","assembly","local_warm_wall_mean_ms","2.796331999999911","50","AI_PNG_OPTIMIZED_2026-10-02_LOCAL.json","1080","300124","","",""
"optimized","pages32","coverage","preparation_total","local_warm_wall_mean_ms","7.354820000000018","50","AI_PNG_OPTIMIZED_2026-10-02_LOCAL.json","1080","520804","","",""
"optimized","pages32","coverage","assembly","local_warm_wall_mean_ms","2.9802680000000144","50","AI_PNG_OPTIMIZED_2026-10-02_LOCAL.json","1080","520804","","",""
"optimized","compact","expression","preparation_total","local_warm_wall_mean_ms","2.9640839999999664","50","AI_PNG_OPTIMIZED_2026-10-02_LOCAL.json","1080","5110786","","",""
"optimized","compact","expression","assembly","local_warm_wall_mean_ms","2.110649999999969","50","AI_PNG_OPTIMIZED_2026-10-02_LOCAL.json","1080","5110786","","",""
"optimized","compact","comparison","preparation_total","local_warm_wall_mean_ms","1.6826339999999618","50","AI_PNG_OPTIMIZED_2026-10-02_LOCAL.json","1080","3418978","","",""
"optimized","compact","comparison","assembly","local_warm_wall_mean_ms","1.909989999999998","50","AI_PNG_OPTIMIZED_2026-10-02_LOCAL.json","1080","3418978","","",""
"optimized","compact","long","preparation_total","local_warm_wall_mean_ms","2.2804939999999623","50","AI_PNG_OPTIMIZED_2026-10-02_LOCAL.json","1080","3465708","","",""
"optimized","compact","long","assembly","local_warm_wall_mean_ms","2.740155999999988","50","AI_PNG_OPTIMIZED_2026-10-02_LOCAL.json","1080","3465708","","",""
"optimized","compact","long_comparison","preparation_total","local_warm_wall_mean_ms","2.4847219999999837","50","AI_PNG_OPTIMIZED_2026-10-02_LOCAL.json","1080","3282532","","",""
"optimized","compact","long_comparison","assembly","local_warm_wall_mean_ms","2.760262000000039","50","AI_PNG_OPTIMIZED_2026-10-02_LOCAL.json","1080","3282532","","",""
"optimized","compact","coverage","preparation_total","local_warm_wall_mean_ms","7.434558000000071","50","AI_PNG_OPTIMIZED_2026-10-02_LOCAL.json","1080","7614150","","",""
"optimized","compact","coverage","assembly","local_warm_wall_mean_ms","3.4250299999999876","50","AI_PNG_OPTIMIZED_2026-10-02_LOCAL.json","1080","7614150","","",""
"optimized","size800","expression","preparation_total","local_warm_wall_mean_ms","3.541961999999949","50","AI_PNG_OPTIMIZED_2026-10-02_LOCAL.json","800","4223732","","",""
"optimized","size800","expression","assembly","local_warm_wall_mean_ms","1.4595920000000295","50","AI_PNG_OPTIMIZED_2026-10-02_LOCAL.json","800","4223732","","",""
"optimized","size800","comparison","preparation_total","local_warm_wall_mean_ms","1.9816359999999804","50","AI_PNG_OPTIMIZED_2026-10-02_LOCAL.json","800","2839238","","",""
"optimized","size800","comparison","assembly","local_warm_wall_mean_ms","1.1988559999999961","50","AI_PNG_OPTIMIZED_2026-10-02_LOCAL.json","800","2839238","","",""
"optimized","size800","long","preparation_total","local_warm_wall_mean_ms","2.5761400000000507","50","AI_PNG_OPTIMIZED_2026-10-02_LOCAL.json","800","2878344","","",""
"optimized","size800","long","assembly","local_warm_wall_mean_ms","1.7502080000000024","50","AI_PNG_OPTIMIZED_2026-10-02_LOCAL.json","800","2878344","","",""
"optimized","size800","long_comparison","preparation_total","local_warm_wall_mean_ms","2.5864719999999033","50","AI_PNG_OPTIMIZED_2026-10-02_LOCAL.json","800","2716979","","",""
"optimized","size800","long_comparison","assembly","local_warm_wall_mean_ms","1.8175940000000448","50","AI_PNG_OPTIMIZED_2026-10-02_LOCAL.json","800","2716979","","",""
"optimized","size800","coverage","preparation_total","local_warm_wall_mean_ms","7.50186399999995","50","AI_PNG_OPTIMIZED_2026-10-02_LOCAL.json","800","6321193","","",""
"optimized","size800","coverage","assembly","local_warm_wall_mean_ms","2.1392040000000634","50","AI_PNG_OPTIMIZED_2026-10-02_LOCAL.json","800","6321193","","",""
"optimized","size720","expression","preparation_total","local_warm_wall_mean_ms","2.974617999999973","50","AI_PNG_OPTIMIZED_2026-10-02_LOCAL.json","720","3962710","","",""
"optimized","size720","expression","assembly","local_warm_wall_mean_ms","1.1121620000000074","50","AI_PNG_OPTIMIZED_2026-10-02_LOCAL.json","720","3962710","","",""
"optimized","size720","comparison","preparation_total","local_warm_wall_mean_ms","1.6603019999999193","50","AI_PNG_OPTIMIZED_2026-10-02_LOCAL.json","720","2631777","","",""
"optimized","size720","comparison","assembly","local_warm_wall_mean_ms","0.9940459999999802","50","AI_PNG_OPTIMIZED_2026-10-02_LOCAL.json","720","2631777","","",""
"optimized","size720","long","preparation_total","local_warm_wall_mean_ms","2.4238379999999413","50","AI_PNG_OPTIMIZED_2026-10-02_LOCAL.json","720","2674898","","",""
"optimized","size720","long","assembly","local_warm_wall_mean_ms","1.5849019999999474","50","AI_PNG_OPTIMIZED_2026-10-02_LOCAL.json","720","2674898","","",""
"optimized","size720","long_comparison","preparation_total","local_warm_wall_mean_ms","2.37422399999994","50","AI_PNG_OPTIMIZED_2026-10-02_LOCAL.json","720","2523146","","",""
"optimized","size720","long_comparison","assembly","local_warm_wall_mean_ms","1.5563639999999943","50","AI_PNG_OPTIMIZED_2026-10-02_LOCAL.json","720","2523146","","",""
"optimized","size720","coverage","preparation_total","local_warm_wall_mean_ms","6.719616000000005","50","AI_PNG_OPTIMIZED_2026-10-02_LOCAL.json","720","5929399","","",""
"optimized","size720","coverage","assembly","local_warm_wall_mean_ms","1.816302000000014","50","AI_PNG_OPTIMIZED_2026-10-02_LOCAL.json","720","5929399","","",""
"optimized","rle","expression","preparation_total","local_warm_wall_mean_ms","3.649453999999969","50","AI_PNG_OPTIMIZED_2026-10-02_LOCAL.json","1080","5110786","","",""
"optimized","rle","expression","assembly","local_warm_wall_mean_ms","1.9354619999999705","50","AI_PNG_OPTIMIZED_2026-10-02_LOCAL.json","1080","5110786","","",""
"optimized","rle","comparison","preparation_total","local_warm_wall_mean_ms","1.9720579999999246","50","AI_PNG_OPTIMIZED_2026-10-02_LOCAL.json","1080","3418978","","",""
"optimized","rle","comparison","assembly","local_warm_wall_mean_ms","1.695143999999964","50","AI_PNG_OPTIMIZED_2026-10-02_LOCAL.json","1080","3418978","","",""
"optimized","rle","long","preparation_total","local_warm_wall_mean_ms","2.640426000000061","50","AI_PNG_OPTIMIZED_2026-10-02_LOCAL.json","1080","3465708","","",""
"optimized","rle","long","assembly","local_warm_wall_mean_ms","2.5983440000001066","50","AI_PNG_OPTIMIZED_2026-10-02_LOCAL.json","1080","3465708","","",""
"optimized","rle","long_comparison","preparation_total","local_warm_wall_mean_ms","2.7758959999999937","50","AI_PNG_OPTIMIZED_2026-10-02_LOCAL.json","1080","3282532","","",""
"optimized","rle","long_comparison","assembly","local_warm_wall_mean_ms","2.7016900000000894","50","AI_PNG_OPTIMIZED_2026-10-02_LOCAL.json","1080","3282532","","",""
"optimized","rle","coverage","preparation_total","local_warm_wall_mean_ms","7.482117999999991","50","AI_PNG_OPTIMIZED_2026-10-02_LOCAL.json","1080","7614150","","",""
"optimized","rle","coverage","assembly","local_warm_wall_mean_ms","2.813615999999965","50","AI_PNG_OPTIMIZED_2026-10-02_LOCAL.json","1080","7614150","","",""
"optimized","combined800_64","expression","preparation_total","local_warm_wall_mean_ms","2.1493220000000473","50","AI_PNG_OPTIMIZED_2026-10-02_LOCAL.json","800","435400","","",""
"optimized","combined800_64","expression","assembly","local_warm_wall_mean_ms","1.1918539999999849","50","AI_PNG_OPTIMIZED_2026-10-02_LOCAL.json","800","435400","","",""
"optimized","combined800_64","comparison","preparation_total","local_warm_wall_mean_ms","1.026710000000039","50","AI_PNG_OPTIMIZED_2026-10-02_LOCAL.json","800","287177","","",""
"optimized","combined800_64","comparison","assembly","local_warm_wall_mean_ms","1.0022800000000096","50","AI_PNG_OPTIMIZED_2026-10-02_LOCAL.json","800","287177","","",""
"optimized","combined800_64","long","preparation_total","local_warm_wall_mean_ms","2.452337999999982","50","AI_PNG_OPTIMIZED_2026-10-02_LOCAL.json","800","435362","","",""
"optimized","combined800_64","long","assembly","local_warm_wall_mean_ms","1.6330779999999865","50","AI_PNG_OPTIMIZED_2026-10-02_LOCAL.json","800","435362","","",""
"optimized","combined800_64","long_comparison","preparation_total","local_warm_wall_mean_ms","2.8547899999999755","50","AI_PNG_OPTIMIZED_2026-10-02_LOCAL.json","800","467543","","",""
"optimized","combined800_64","long_comparison","assembly","local_warm_wall_mean_ms","1.5849199999999475","50","AI_PNG_OPTIMIZED_2026-10-02_LOCAL.json","800","467543","","",""
"optimized","combined800_64","coverage","preparation_total","local_warm_wall_mean_ms","7.042264000000051","50","AI_PNG_OPTIMIZED_2026-10-02_LOCAL.json","800","844869","","",""
"optimized","combined800_64","coverage","assembly","local_warm_wall_mean_ms","1.881487999999954","50","AI_PNG_OPTIMIZED_2026-10-02_LOCAL.json","800","844869","","",""
"optimized","combined800_32","expression","preparation_total","local_warm_wall_mean_ms","2.163277999999991","50","AI_PNG_OPTIMIZED_2026-10-02_LOCAL.json","800","226839","","",""
"optimized","combined800_32","expression","assembly","local_warm_wall_mean_ms","1.1626060000000327","50","AI_PNG_OPTIMIZED_2026-10-02_LOCAL.json","800","226839","","",""
"optimized","combined800_32","comparison","preparation_total","local_warm_wall_mean_ms","1.0091399999999884","50","AI_PNG_OPTIMIZED_2026-10-02_LOCAL.json","800","147320","","",""
"optimized","combined800_32","comparison","assembly","local_warm_wall_mean_ms","1.02252199999999","50","AI_PNG_OPTIMIZED_2026-10-02_LOCAL.json","800","147320","","",""
"optimized","combined800_32","long","preparation_total","local_warm_wall_mean_ms","2.7148079999999934","50","AI_PNG_OPTIMIZED_2026-10-02_LOCAL.json","800","241123","","",""
"optimized","combined800_32","long","assembly","local_warm_wall_mean_ms","1.5574019999999291","50","AI_PNG_OPTIMIZED_2026-10-02_LOCAL.json","800","241123","","",""
"optimized","combined800_32","long_comparison","preparation_total","local_warm_wall_mean_ms","2.9280960000000413","50","AI_PNG_OPTIMIZED_2026-10-02_LOCAL.json","800","246268","","",""
"optimized","combined800_32","long_comparison","assembly","local_warm_wall_mean_ms","1.6483340000000133","50","AI_PNG_OPTIMIZED_2026-10-02_LOCAL.json","800","246268","","",""
"optimized","combined800_32","coverage","preparation_total","local_warm_wall_mean_ms","7.115816000000049","50","AI_PNG_OPTIMIZED_2026-10-02_LOCAL.json","800","429963","","",""
"optimized","combined800_32","coverage","assembly","local_warm_wall_mean_ms","1.8794600000000536","50","AI_PNG_OPTIMIZED_2026-10-02_LOCAL.json","800","429963","","",""
"optimized","combined720_64","expression","preparation_total","local_warm_wall_mean_ms","2.106364000000012","50","AI_PNG_OPTIMIZED_2026-10-02_LOCAL.json","720","410218","","",""
"optimized","combined720_64","expression","assembly","local_warm_wall_mean_ms","1.0149419999999918","50","AI_PNG_OPTIMIZED_2026-10-02_LOCAL.json","720","410218","","",""
"optimized","combined720_64","comparison","preparation_total","local_warm_wall_mean_ms","1.0558600000000298","50","AI_PNG_OPTIMIZED_2026-10-02_LOCAL.json","720","266818","","",""
"optimized","combined720_64","comparison","assembly","local_warm_wall_mean_ms","0.852090000000062","50","AI_PNG_OPTIMIZED_2026-10-02_LOCAL.json","720","266818","","",""
"optimized","combined720_64","long","preparation_total","local_warm_wall_mean_ms","2.191682000000037","50","AI_PNG_OPTIMIZED_2026-10-02_LOCAL.json","720","404470","","",""
"optimized","combined720_64","long","assembly","local_warm_wall_mean_ms","1.4340459999999986","50","AI_PNG_OPTIMIZED_2026-10-02_LOCAL.json","720","404470","","",""
"optimized","combined720_64","long_comparison","preparation_total","local_warm_wall_mean_ms","2.4361579999999776","50","AI_PNG_OPTIMIZED_2026-10-02_LOCAL.json","720","432945","","",""
"optimized","combined720_64","long_comparison","assembly","local_warm_wall_mean_ms","1.5165140000000246","50","AI_PNG_OPTIMIZED_2026-10-02_LOCAL.json","720","432945","","",""
"optimized","combined720_64","coverage","preparation_total","local_warm_wall_mean_ms","6.879076000000005","50","AI_PNG_OPTIMIZED_2026-10-02_LOCAL.json","720","791964","","",""
"optimized","combined720_64","coverage","assembly","local_warm_wall_mean_ms","1.6312179999999716","50","AI_PNG_OPTIMIZED_2026-10-02_LOCAL.json","720","791964","","",""
"optimized","combined720_32","expression","preparation_total","local_warm_wall_mean_ms","2.3961539999999877","50","AI_PNG_OPTIMIZED_2026-10-02_LOCAL.json","720","213839","","",""
"optimized","combined720_32","expression","assembly","local_warm_wall_mean_ms","1.059224000000013","50","AI_PNG_OPTIMIZED_2026-10-02_LOCAL.json","720","213839","","",""
"optimized","combined720_32","comparison","preparation_total","local_warm_wall_mean_ms","1.065336000000043","50","AI_PNG_OPTIMIZED_2026-10-02_LOCAL.json","720","137135","","",""
"optimized","combined720_32","comparison","assembly","local_warm_wall_mean_ms","0.8788799999999538","50","AI_PNG_OPTIMIZED_2026-10-02_LOCAL.json","720","137135","","",""
"optimized","combined720_32","long","preparation_total","local_warm_wall_mean_ms","2.4191639999999826","50","AI_PNG_OPTIMIZED_2026-10-02_LOCAL.json","720","223918","","",""
"optimized","combined720_32","long","assembly","local_warm_wall_mean_ms","1.334023999999936","50","AI_PNG_OPTIMIZED_2026-10-02_LOCAL.json","720","223918","","",""
"optimized","combined720_32","long_comparison","preparation_total","local_warm_wall_mean_ms","2.8149260000000504","50","AI_PNG_OPTIMIZED_2026-10-02_LOCAL.json","720","228201","","",""
"optimized","combined720_32","long_comparison","assembly","local_warm_wall_mean_ms","1.4419020000000273","50","AI_PNG_OPTIMIZED_2026-10-02_LOCAL.json","720","228201","","",""
"optimized","combined720_32","coverage","preparation_total","local_warm_wall_mean_ms","6.609605999999967","50","AI_PNG_OPTIMIZED_2026-10-02_LOCAL.json","720","403973","","",""
"optimized","combined720_32","coverage","assembly","local_warm_wall_mean_ms","1.7160079999999833","50","AI_PNG_OPTIMIZED_2026-10-02_LOCAL.json","720","403973","","",""
"compression","default_1","expression","deflate","local_warm_wall_mean_ms","0.7666666666666667","240","AI_PNG_COMPRESSION_RESEARCH_2026-10-02.json","","","25223","true",""
"compression","rle","expression","deflate","local_warm_wall_mean_ms","0.6958333333333333","240","AI_PNG_COMPRESSION_RESEARCH_2026-10-02.json","","","23077","true",""
"compression","huffman","expression","deflate","local_warm_wall_mean_ms","3.695833333333333","240","AI_PNG_COMPRESSION_RESEARCH_2026-10-02.json","","","158523","true",""
"compression","fixed_1","expression","deflate","local_warm_wall_mean_ms","0.7708333333333335","240","AI_PNG_COMPRESSION_RESEARCH_2026-10-02.json","","","31664","true",""
"compression","default_1_mem9","expression","deflate","local_warm_wall_mean_ms","0.8041666666666666","240","AI_PNG_COMPRESSION_RESEARCH_2026-10-02.json","","","25223","true",""
"compression","uncompressed","expression","deflate","local_warm_wall_mean_ms","0.7625000000000002","240","AI_PNG_COMPRESSION_RESEARCH_2026-10-02.json","","","1168304","false",""
"compression","default_1","comparison","deflate","local_warm_wall_mean_ms","0.8458333333333333","240","AI_PNG_COMPRESSION_RESEARCH_2026-10-02.json","","","23041","true",""
"compression","rle","comparison","deflate","local_warm_wall_mean_ms","0.6916666666666668","240","AI_PNG_COMPRESSION_RESEARCH_2026-10-02.json","","","20888","true",""
"compression","huffman","comparison","deflate","local_warm_wall_mean_ms","4.208333333333333","240","AI_PNG_COMPRESSION_RESEARCH_2026-10-02.json","","","156974","true",""
"compression","fixed_1","comparison","deflate","local_warm_wall_mean_ms","0.8375","240","AI_PNG_COMPRESSION_RESEARCH_2026-10-02.json","","","29232","true",""
"compression","default_1_mem9","comparison","deflate","local_warm_wall_mean_ms","0.8875000000000001","240","AI_PNG_COMPRESSION_RESEARCH_2026-10-02.json","","","23041","true",""
"compression","uncompressed","comparison","deflate","local_warm_wall_mean_ms","0.8833333333333334","240","AI_PNG_COMPRESSION_RESEARCH_2026-10-02.json","","","1168304","false",""
"compression","default_1","long","deflate","local_warm_wall_mean_ms","1.0374999999999999","240","AI_PNG_COMPRESSION_RESEARCH_2026-10-02.json","","","38211","true",""
"compression","rle","long","deflate","local_warm_wall_mean_ms","0.9458333333333333","240","AI_PNG_COMPRESSION_RESEARCH_2026-10-02.json","","","35396","true",""
"compression","huffman","long","deflate","local_warm_wall_mean_ms","3.8624999999999994","240","AI_PNG_COMPRESSION_RESEARCH_2026-10-02.json","","","167222","true",""
"compression","fixed_1","long","deflate","local_warm_wall_mean_ms","1.0166666666666666","240","AI_PNG_COMPRESSION_RESEARCH_2026-10-02.json","","","45770","true",""
"compression","default_1_mem9","long","deflate","local_warm_wall_mean_ms","1.0708333333333335","240","AI_PNG_COMPRESSION_RESEARCH_2026-10-02.json","","","38563","true",""
"compression","uncompressed","long","deflate","local_warm_wall_mean_ms","0.6958333333333333","240","AI_PNG_COMPRESSION_RESEARCH_2026-10-02.json","","","1168304","false",""
"compression","default_1","long_comparison","deflate","local_warm_wall_mean_ms","0.9833333333333334","240","AI_PNG_COMPRESSION_RESEARCH_2026-10-02.json","","","38677","true",""
"compression","rle","long_comparison","deflate","local_warm_wall_mean_ms","0.9166666666666666","240","AI_PNG_COMPRESSION_RESEARCH_2026-10-02.json","","","37159","true",""
"compression","huffman","long_comparison","deflate","local_warm_wall_mean_ms","3.7416666666666667","240","AI_PNG_COMPRESSION_RESEARCH_2026-10-02.json","","","166500","true",""
"compression","fixed_1","long_comparison","deflate","local_warm_wall_mean_ms","1.0374999999999999","240","AI_PNG_COMPRESSION_RESEARCH_2026-10-02.json","","","46259","true",""
"compression","default_1_mem9","long_comparison","deflate","local_warm_wall_mean_ms","1.0583333333333333","240","AI_PNG_COMPRESSION_RESEARCH_2026-10-02.json","","","38984","true",""
"compression","uncompressed","long_comparison","deflate","local_warm_wall_mean_ms","0.7041666666666667","240","AI_PNG_COMPRESSION_RESEARCH_2026-10-02.json","","","1168304","false",""
"compression","default_1","coverage","deflate","local_warm_wall_mean_ms","1.0416666666666667","240","AI_PNG_COMPRESSION_RESEARCH_2026-10-02.json","","","38493","true",""
"compression","rle","coverage","deflate","local_warm_wall_mean_ms","1.0166666666666668","240","AI_PNG_COMPRESSION_RESEARCH_2026-10-02.json","","","37503","true",""
"compression","huffman","coverage","deflate","local_warm_wall_mean_ms","3.8250000000000006","240","AI_PNG_COMPRESSION_RESEARCH_2026-10-02.json","","","167534","true",""
"compression","fixed_1","coverage","deflate","local_warm_wall_mean_ms","1.0541666666666667","240","AI_PNG_COMPRESSION_RESEARCH_2026-10-02.json","","","46221","true",""
"compression","default_1_mem9","coverage","deflate","local_warm_wall_mean_ms","1.05","240","AI_PNG_COMPRESSION_RESEARCH_2026-10-02.json","","","38692","true",""
"compression","uncompressed","coverage","deflate","local_warm_wall_mean_ms","0.6791666666666667","240","AI_PNG_COMPRESSION_RESEARCH_2026-10-02.json","","","1168304","false",""
"lean","optimized","mixed_5x2","collector","local_mock_binding_wall_mean_ms","16.387765200000008","250","AI_PNG_LEAN_LOCAL_2026-10-03.json","","","","",""
"lean","lean3","mixed_5x2","collector","local_mock_binding_wall_mean_ms","17.1750699999999","250","AI_PNG_LEAN_LOCAL_2026-10-03.json","","","","",""
"lean","lean4","mixed_5x2","collector","local_mock_binding_wall_mean_ms","13.164460000000014","250","AI_PNG_LEAN_LOCAL_2026-10-03.json","","","","",""
"lean","lean6","mixed_5x2","collector","local_mock_binding_wall_mean_ms","9.852159599999919","250","AI_PNG_LEAN_LOCAL_2026-10-03.json","","","","",""
"lean","lean8","mixed_5x2","collector","local_mock_binding_wall_mean_ms","8.807895200000027","250","AI_PNG_LEAN_LOCAL_2026-10-03.json","","","","",""
"screening","scalar","expression","first","local_profiled_host_wall_ms","25.51089999999931","1","AI_PNG_BLIT_LOCAL_2026-10-03.json","800","","","","0"
"screening","scalar","expression","warm","local_profiled_host_wall_mean_ms","4.744334999999955","20","AI_PNG_BLIT_LOCAL_2026-10-03.json","800","","","","0"
"screening","scalar","comparison","first","local_profiled_host_wall_ms","11.768099999999322","1","AI_PNG_BLIT_LOCAL_2026-10-03.json","800","","","","0"
"screening","scalar","comparison","warm","local_profiled_host_wall_mean_ms","3.901419999999871","20","AI_PNG_BLIT_LOCAL_2026-10-03.json","800","","","","0"
"screening","scalar","long","first","local_profiled_host_wall_ms","14.514599999999518","1","AI_PNG_BLIT_LOCAL_2026-10-03.json","800","","","","0"
"screening","scalar","long","warm","local_profiled_host_wall_mean_ms","4.390074999999706","20","AI_PNG_BLIT_LOCAL_2026-10-03.json","800","","","","0"
"screening","scalar","long_comparison","first","local_profiled_host_wall_ms","12.24159999999938","1","AI_PNG_BLIT_LOCAL_2026-10-03.json","800","","","","0"
"screening","scalar","long_comparison","warm","local_profiled_host_wall_mean_ms","4.117899999999736","20","AI_PNG_BLIT_LOCAL_2026-10-03.json","800","","","","0"
"screening","scalar","coverage","first","local_profiled_host_wall_ms","15.09690000000046","1","AI_PNG_BLIT_LOCAL_2026-10-03.json","800","","","","0"
"screening","scalar","coverage","warm","local_profiled_host_wall_mean_ms","4.696090000000003","20","AI_PNG_BLIT_LOCAL_2026-10-03.json","800","","","","0"
"screening","scalar","expression","first","local_profiled_host_wall_ms","15.805699999998978","1","AI_PNG_BLIT_LOCAL_2026-10-03.json","720","","","","0"
"screening","scalar","expression","warm","local_profiled_host_wall_mean_ms","3.8047849999999928","20","AI_PNG_BLIT_LOCAL_2026-10-03.json","720","","","","0"
"screening","scalar","comparison","first","local_profiled_host_wall_ms","11.742200000000594","1","AI_PNG_BLIT_LOCAL_2026-10-03.json","720","","","","0"
"screening","scalar","comparison","warm","local_profiled_host_wall_mean_ms","3.3586850000000594","20","AI_PNG_BLIT_LOCAL_2026-10-03.json","720","","","","0"
"screening","scalar","long","first","local_profiled_host_wall_ms","13.385200000000623","1","AI_PNG_BLIT_LOCAL_2026-10-03.json","720","","","","0"
"screening","scalar","long","warm","local_profiled_host_wall_mean_ms","4.384054999999989","20","AI_PNG_BLIT_LOCAL_2026-10-03.json","720","","","","0"
"screening","scalar","long_comparison","first","local_profiled_host_wall_ms","13.371000000002823","1","AI_PNG_BLIT_LOCAL_2026-10-03.json","720","","","","0"
"screening","scalar","long_comparison","warm","local_profiled_host_wall_mean_ms","4.25147500000021","20","AI_PNG_BLIT_LOCAL_2026-10-03.json","720","","","","0"
"screening","scalar","coverage","first","local_profiled_host_wall_ms","14.83469999999943","1","AI_PNG_BLIT_LOCAL_2026-10-03.json","720","","","","0"
"screening","scalar","coverage","warm","local_profiled_host_wall_mean_ms","4.35851500000008","20","AI_PNG_BLIT_LOCAL_2026-10-03.json","720","","","","0"
"screening","scalar","coverage","first","local_profiled_host_wall_ms","14.362900000000081","1","AI_PNG_BLIT_LOCAL_2026-10-03.json","720","","","","1"
"screening","scalar","coverage","warm","local_profiled_host_wall_mean_ms","4.739770000000317","20","AI_PNG_BLIT_LOCAL_2026-10-03.json","720","","","","1"
"screening","scalar","long_comparison","first","local_profiled_host_wall_ms","11.910800000001473","1","AI_PNG_BLIT_LOCAL_2026-10-03.json","720","","","","1"
"screening","scalar","long_comparison","warm","local_profiled_host_wall_mean_ms","4.406244999999762","20","AI_PNG_BLIT_LOCAL_2026-10-03.json","720","","","","1"
"screening","scalar","long","first","local_profiled_host_wall_ms","13.938500000000204","1","AI_PNG_BLIT_LOCAL_2026-10-03.json","720","","","","1"
"screening","scalar","long","warm","local_profiled_host_wall_mean_ms","4.14984499999955","20","AI_PNG_BLIT_LOCAL_2026-10-03.json","720","","","","1"
"screening","scalar","comparison","first","local_profiled_host_wall_ms","10.08770000000004","1","AI_PNG_BLIT_LOCAL_2026-10-03.json","720","","","","1"
"screening","scalar","comparison","warm","local_profiled_host_wall_mean_ms","3.6968650000002525","20","AI_PNG_BLIT_LOCAL_2026-10-03.json","720","","","","1"
"screening","scalar","expression","first","local_profiled_host_wall_ms","10.655000000002474","1","AI_PNG_BLIT_LOCAL_2026-10-03.json","720","","","","1"
"screening","scalar","expression","warm","local_profiled_host_wall_mean_ms","3.68626000000022","20","AI_PNG_BLIT_LOCAL_2026-10-03.json","720","","","","1"
"screening","scalar","coverage","first","local_profiled_host_wall_ms","15.505099999998492","1","AI_PNG_BLIT_LOCAL_2026-10-03.json","800","","","","1"
"screening","scalar","coverage","warm","local_profiled_host_wall_mean_ms","4.908580000000256","20","AI_PNG_BLIT_LOCAL_2026-10-03.json","800","","","","1"
"screening","scalar","long_comparison","first","local_profiled_host_wall_ms","12.861300000000483","1","AI_PNG_BLIT_LOCAL_2026-10-03.json","800","","","","1"
"screening","scalar","long_comparison","warm","local_profiled_host_wall_mean_ms","4.747429999999804","20","AI_PNG_BLIT_LOCAL_2026-10-03.json","800","","","","1"
"screening","scalar","long","first","local_profiled_host_wall_ms","12.999100000000908","1","AI_PNG_BLIT_LOCAL_2026-10-03.json","800","","","","1"
"screening","scalar","long","warm","local_profiled_host_wall_mean_ms","4.1160549999995055","20","AI_PNG_BLIT_LOCAL_2026-10-03.json","800","","","","1"
"screening","scalar","comparison","first","local_profiled_host_wall_ms","11.549399999999878","1","AI_PNG_BLIT_LOCAL_2026-10-03.json","800","","","","1"
"screening","scalar","comparison","warm","local_profiled_host_wall_mean_ms","4.251980000000003","20","AI_PNG_BLIT_LOCAL_2026-10-03.json","800","","","","1"
"screening","scalar","expression","first","local_profiled_host_wall_ms","13.096000000001368","1","AI_PNG_BLIT_LOCAL_2026-10-03.json","800","","","","1"
"screening","scalar","expression","warm","local_profiled_host_wall_mean_ms","4.169064999999501","20","AI_PNG_BLIT_LOCAL_2026-10-03.json","800","","","","1"
"screening","packed","expression","first","local_profiled_host_wall_ms","13.687699999999495","1","AI_PNG_BLIT_LOCAL_2026-10-03.json","800","","","","0"
"screening","packed","expression","warm","local_profiled_host_wall_mean_ms","5.084460000000081","20","AI_PNG_BLIT_LOCAL_2026-10-03.json","800","","","","0"
"screening","packed","comparison","first","local_profiled_host_wall_ms","13.228000000000065","1","AI_PNG_BLIT_LOCAL_2026-10-03.json","800","","","","0"
"screening","packed","comparison","warm","local_profiled_host_wall_mean_ms","3.766819999999916","20","AI_PNG_BLIT_LOCAL_2026-10-03.json","800","","","","0"
"screening","packed","long","first","local_profiled_host_wall_ms","16.62039999999979","1","AI_PNG_BLIT_LOCAL_2026-10-03.json","800","","","","0"
"screening","packed","long","warm","local_profiled_host_wall_mean_ms","4.5453549999998355","20","AI_PNG_BLIT_LOCAL_2026-10-03.json","800","","","","0"
"screening","packed","long_comparison","first","local_profiled_host_wall_ms","14.44000000000051","1","AI_PNG_BLIT_LOCAL_2026-10-03.json","800","","","","0"
"screening","packed","long_comparison","warm","local_profiled_host_wall_mean_ms","4.447035000000142","20","AI_PNG_BLIT_LOCAL_2026-10-03.json","800","","","","0"
"screening","packed","coverage","first","local_profiled_host_wall_ms","15.143599999999424","1","AI_PNG_BLIT_LOCAL_2026-10-03.json","800","","","","0"
"screening","packed","coverage","warm","local_profiled_host_wall_mean_ms","4.73012000000017","20","AI_PNG_BLIT_LOCAL_2026-10-03.json","800","","","","0"
"screening","packed","expression","first","local_profiled_host_wall_ms","12.289899999999761","1","AI_PNG_BLIT_LOCAL_2026-10-03.json","720","","","","0"
"screening","packed","expression","warm","local_profiled_host_wall_mean_ms","3.85086999999985","20","AI_PNG_BLIT_LOCAL_2026-10-03.json","720","","","","0"
"screening","packed","comparison","first","local_profiled_host_wall_ms","11.35570000000007","1","AI_PNG_BLIT_LOCAL_2026-10-03.json","720","","","","0"
"screening","packed","comparison","warm","local_profiled_host_wall_mean_ms","3.402104999999756","20","AI_PNG_BLIT_LOCAL_2026-10-03.json","720","","","","0"
"screening","packed","long","first","local_profiled_host_wall_ms","14.238400000000183","1","AI_PNG_BLIT_LOCAL_2026-10-03.json","720","","","","0"
"screening","packed","long","warm","local_profiled_host_wall_mean_ms","4.413659999999891","20","AI_PNG_BLIT_LOCAL_2026-10-03.json","720","","","","0"
"screening","packed","long_comparison","first","local_profiled_host_wall_ms","13.367199999996956","1","AI_PNG_BLIT_LOCAL_2026-10-03.json","720","","","","0"
"screening","packed","long_comparison","warm","local_profiled_host_wall_mean_ms","4.589590000000134","20","AI_PNG_BLIT_LOCAL_2026-10-03.json","720","","","","0"
"screening","packed","coverage","first","local_profiled_host_wall_ms","16.645199999999022","1","AI_PNG_BLIT_LOCAL_2026-10-03.json","720","","","","0"
"screening","packed","coverage","warm","local_profiled_host_wall_mean_ms","4.708280000000196","20","AI_PNG_BLIT_LOCAL_2026-10-03.json","720","","","","0"
"screening","packed","coverage","first","local_profiled_host_wall_ms","14.154900000001362","1","AI_PNG_BLIT_LOCAL_2026-10-03.json","720","","","","1"
"screening","packed","coverage","warm","local_profiled_host_wall_mean_ms","4.0153500000003985","20","AI_PNG_BLIT_LOCAL_2026-10-03.json","720","","","","1"
"screening","packed","long_comparison","first","local_profiled_host_wall_ms","14.067200000001321","1","AI_PNG_BLIT_LOCAL_2026-10-03.json","720","","","","1"
"screening","packed","long_comparison","warm","local_profiled_host_wall_mean_ms","4.117704999999296","20","AI_PNG_BLIT_LOCAL_2026-10-03.json","720","","","","1"
"screening","packed","long","first","local_profiled_host_wall_ms","14.896899999999732","1","AI_PNG_BLIT_LOCAL_2026-10-03.json","720","","","","1"
"screening","packed","long","warm","local_profiled_host_wall_mean_ms","3.963640000000305","20","AI_PNG_BLIT_LOCAL_2026-10-03.json","720","","","","1"
"screening","packed","comparison","first","local_profiled_host_wall_ms","15.227700000003097","1","AI_PNG_BLIT_LOCAL_2026-10-03.json","720","","","","1"
"screening","packed","comparison","warm","local_profiled_host_wall_mean_ms","3.712279999999737","20","AI_PNG_BLIT_LOCAL_2026-10-03.json","720","","","","1"
"screening","packed","expression","first","local_profiled_host_wall_ms","12.152600000001257","1","AI_PNG_BLIT_LOCAL_2026-10-03.json","720","","","","1"
"screening","packed","expression","warm","local_profiled_host_wall_mean_ms","3.6913799999998447","20","AI_PNG_BLIT_LOCAL_2026-10-03.json","720","","","","1"
"screening","packed","coverage","first","local_profiled_host_wall_ms","16.801699999999983","1","AI_PNG_BLIT_LOCAL_2026-10-03.json","800","","","","1"
"screening","packed","coverage","warm","local_profiled_host_wall_mean_ms","4.835005000000274","20","AI_PNG_BLIT_LOCAL_2026-10-03.json","800","","","","1"
"screening","packed","long_comparison","first","local_profiled_host_wall_ms","15.012300000002142","1","AI_PNG_BLIT_LOCAL_2026-10-03.json","800","","","","1"
"screening","packed","long_comparison","warm","local_profiled_host_wall_mean_ms","4.332130000000143","20","AI_PNG_BLIT_LOCAL_2026-10-03.json","800","","","","1"
"screening","packed","long","first","local_profiled_host_wall_ms","15.139299999998912","1","AI_PNG_BLIT_LOCAL_2026-10-03.json","800","","","","1"
"screening","packed","long","warm","local_profiled_host_wall_mean_ms","4.122635000000082","20","AI_PNG_BLIT_LOCAL_2026-10-03.json","800","","","","1"
"screening","packed","comparison","first","local_profiled_host_wall_ms","16.807300000000396","1","AI_PNG_BLIT_LOCAL_2026-10-03.json","800","","","","1"
"screening","packed","comparison","warm","local_profiled_host_wall_mean_ms","3.9153299999998126","20","AI_PNG_BLIT_LOCAL_2026-10-03.json","800","","","","1"
"screening","packed","expression","first","local_profiled_host_wall_ms","12.513300000005984","1","AI_PNG_BLIT_LOCAL_2026-10-03.json","800","","","","1"
"screening","packed","expression","warm","local_profiled_host_wall_mean_ms","4.091019999999844","20","AI_PNG_BLIT_LOCAL_2026-10-03.json","800","","","","1"
"screening","spans","expression","first","local_profiled_host_wall_ms","14.320300000000316","1","AI_PNG_BLIT_LOCAL_2026-10-03.json","800","","","","0"
"screening","spans","expression","warm","local_profiled_host_wall_mean_ms","4.145955000000003","20","AI_PNG_BLIT_LOCAL_2026-10-03.json","800","","","","0"
"screening","spans","comparison","first","local_profiled_host_wall_ms","14.035100000000057","1","AI_PNG_BLIT_LOCAL_2026-10-03.json","800","","","","0"
"screening","spans","comparison","warm","local_profiled_host_wall_mean_ms","4.284664999999995","20","AI_PNG_BLIT_LOCAL_2026-10-03.json","800","","","","0"
"screening","spans","long","first","local_profiled_host_wall_ms","17.57250000000022","1","AI_PNG_BLIT_LOCAL_2026-10-03.json","800","","","","0"
"screening","spans","long","warm","local_profiled_host_wall_mean_ms","4.7798799999999115","20","AI_PNG_BLIT_LOCAL_2026-10-03.json","800","","","","0"
"screening","spans","long_comparison","first","local_profiled_host_wall_ms","14.692799999998897","1","AI_PNG_BLIT_LOCAL_2026-10-03.json","800","","","","0"
"screening","spans","long_comparison","warm","local_profiled_host_wall_mean_ms","5.095910000000094","20","AI_PNG_BLIT_LOCAL_2026-10-03.json","800","","","","0"
"screening","spans","coverage","first","local_profiled_host_wall_ms","16.881099999998696","1","AI_PNG_BLIT_LOCAL_2026-10-03.json","800","","","","0"
"screening","spans","coverage","warm","local_profiled_host_wall_mean_ms","5.8690000000002325","20","AI_PNG_BLIT_LOCAL_2026-10-03.json","800","","","","0"
"screening","spans","expression","first","local_profiled_host_wall_ms","15.160499999999956","1","AI_PNG_BLIT_LOCAL_2026-10-03.json","720","","","","0"
"screening","spans","expression","warm","local_profiled_host_wall_mean_ms","4.315070000000196","20","AI_PNG_BLIT_LOCAL_2026-10-03.json","720","","","","0"
"screening","spans","comparison","first","local_profiled_host_wall_ms","11.688200000000506","1","AI_PNG_BLIT_LOCAL_2026-10-03.json","720","","","","0"
"screening","spans","comparison","warm","local_profiled_host_wall_mean_ms","3.7872050000002675","20","AI_PNG_BLIT_LOCAL_2026-10-03.json","720","","","","0"
"screening","spans","long","first","local_profiled_host_wall_ms","16.45770000000084","1","AI_PNG_BLIT_LOCAL_2026-10-03.json","720","","","","0"
"screening","spans","long","warm","local_profiled_host_wall_mean_ms","4.306700000000001","20","AI_PNG_BLIT_LOCAL_2026-10-03.json","720","","","","0"
"screening","spans","long_comparison","first","local_profiled_host_wall_ms","16.698500000000422","1","AI_PNG_BLIT_LOCAL_2026-10-03.json","720","","","","0"
"screening","spans","long_comparison","warm","local_profiled_host_wall_mean_ms","4.333715000000029","20","AI_PNG_BLIT_LOCAL_2026-10-03.json","720","","","","0"
"screening","spans","coverage","first","local_profiled_host_wall_ms","16.73199999999997","1","AI_PNG_BLIT_LOCAL_2026-10-03.json","720","","","","0"
"screening","spans","coverage","warm","local_profiled_host_wall_mean_ms","5.237284999999792","20","AI_PNG_BLIT_LOCAL_2026-10-03.json","720","","","","0"
"screening","spans","coverage","first","local_profiled_host_wall_ms","15.434700000001612","1","AI_PNG_BLIT_LOCAL_2026-10-03.json","720","","","","1"
"screening","spans","coverage","warm","local_profiled_host_wall_mean_ms","5.060059999999612","20","AI_PNG_BLIT_LOCAL_2026-10-03.json","720","","","","1"
"screening","spans","long_comparison","first","local_profiled_host_wall_ms","16.6124000000018","1","AI_PNG_BLIT_LOCAL_2026-10-03.json","720","","","","1"
"screening","spans","long_comparison","warm","local_profiled_host_wall_mean_ms","4.272225000000072","20","AI_PNG_BLIT_LOCAL_2026-10-03.json","720","","","","1"
"screening","spans","long","first","local_profiled_host_wall_ms","14.892700000000332","1","AI_PNG_BLIT_LOCAL_2026-10-03.json","720","","","","1"
"screening","spans","long","warm","local_profiled_host_wall_mean_ms","4.214220000000023","20","AI_PNG_BLIT_LOCAL_2026-10-03.json","720","","","","1"
"screening","spans","comparison","first","local_profiled_host_wall_ms","13.154099999999744","1","AI_PNG_BLIT_LOCAL_2026-10-03.json","720","","","","1"
"screening","spans","comparison","warm","local_profiled_host_wall_mean_ms","3.5333049999997455","20","AI_PNG_BLIT_LOCAL_2026-10-03.json","720","","","","1"
"screening","spans","expression","first","local_profiled_host_wall_ms","15.188099999999395","1","AI_PNG_BLIT_LOCAL_2026-10-03.json","720","","","","1"
"screening","spans","expression","warm","local_profiled_host_wall_mean_ms","4.088349999999991","20","AI_PNG_BLIT_LOCAL_2026-10-03.json","720","","","","1"
"screening","spans","coverage","first","local_profiled_host_wall_ms","15.647499999999127","1","AI_PNG_BLIT_LOCAL_2026-10-03.json","800","","","","1"
"screening","spans","coverage","warm","local_profiled_host_wall_mean_ms","5.468909999999778","20","AI_PNG_BLIT_LOCAL_2026-10-03.json","800","","","","1"
"screening","spans","long_comparison","first","local_profiled_host_wall_ms","15.751099999997678","1","AI_PNG_BLIT_LOCAL_2026-10-03.json","800","","","","1"
"screening","spans","long_comparison","warm","local_profiled_host_wall_mean_ms","4.855944999998973","20","AI_PNG_BLIT_LOCAL_2026-10-03.json","800","","","","1"
"screening","spans","long","first","local_profiled_host_wall_ms","14.209000000002561","1","AI_PNG_BLIT_LOCAL_2026-10-03.json","800","","","","1"
"screening","spans","long","warm","local_profiled_host_wall_mean_ms","4.690570000000298","20","AI_PNG_BLIT_LOCAL_2026-10-03.json","800","","","","1"
"screening","spans","comparison","first","local_profiled_host_wall_ms","13.736399999997957","1","AI_PNG_BLIT_LOCAL_2026-10-03.json","800","","","","1"
"screening","spans","comparison","warm","local_profiled_host_wall_mean_ms","4.227134999999907","20","AI_PNG_BLIT_LOCAL_2026-10-03.json","800","","","","1"
"screening","spans","expression","first","local_profiled_host_wall_ms","13.57919999999649","1","AI_PNG_BLIT_LOCAL_2026-10-03.json","800","","","","1"
"screening","spans","expression","warm","local_profiled_host_wall_mean_ms","4.548159999999735","20","AI_PNG_BLIT_LOCAL_2026-10-03.json","800","","","","1"
"isolation","scalar","expression","first","local_profiled_host_wall_ms","23.60819999999967","1","AI_PNG_BLIT_ISOLATION_LOCAL_2026-10-03.json","800","","","","0"
"isolation","scalar","expression","warm","local_profiled_host_wall_mean_ms","4.721724999999969","20","AI_PNG_BLIT_ISOLATION_LOCAL_2026-10-03.json","800","","","","0"
"isolation","scalar","comparison","first","local_profiled_host_wall_ms","12.39600000000064","1","AI_PNG_BLIT_ISOLATION_LOCAL_2026-10-03.json","800","","","","0"
"isolation","scalar","comparison","warm","local_profiled_host_wall_mean_ms","3.6546949999999017","20","AI_PNG_BLIT_ISOLATION_LOCAL_2026-10-03.json","800","","","","0"
"isolation","scalar","long","first","local_profiled_host_wall_ms","13.087099999999737","1","AI_PNG_BLIT_ISOLATION_LOCAL_2026-10-03.json","800","","","","0"
"isolation","scalar","long","warm","local_profiled_host_wall_mean_ms","4.694719999999916","20","AI_PNG_BLIT_ISOLATION_LOCAL_2026-10-03.json","800","","","","0"
"isolation","scalar","long_comparison","first","local_profiled_host_wall_ms","14.310999999999694","1","AI_PNG_BLIT_ISOLATION_LOCAL_2026-10-03.json","800","","","","0"
"isolation","scalar","long_comparison","warm","local_profiled_host_wall_mean_ms","5.517230000000064","20","AI_PNG_BLIT_ISOLATION_LOCAL_2026-10-03.json","800","","","","0"
"isolation","scalar","coverage","first","local_profiled_host_wall_ms","15.346400000000358","1","AI_PNG_BLIT_ISOLATION_LOCAL_2026-10-03.json","800","","","","0"
"isolation","scalar","coverage","warm","local_profiled_host_wall_mean_ms","4.629960000000028","20","AI_PNG_BLIT_ISOLATION_LOCAL_2026-10-03.json","800","","","","0"
"isolation","scalar","expression","first","local_profiled_host_wall_ms","11.88630000000012","1","AI_PNG_BLIT_ISOLATION_LOCAL_2026-10-03.json","720","","","","0"
"isolation","scalar","expression","warm","local_profiled_host_wall_mean_ms","3.6342099999999844","20","AI_PNG_BLIT_ISOLATION_LOCAL_2026-10-03.json","720","","","","0"
"isolation","scalar","comparison","first","local_profiled_host_wall_ms","12.037700000000768","1","AI_PNG_BLIT_ISOLATION_LOCAL_2026-10-03.json","720","","","","0"
"isolation","scalar","comparison","warm","local_profiled_host_wall_mean_ms","3.8895950000001904","20","AI_PNG_BLIT_ISOLATION_LOCAL_2026-10-03.json","720","","","","0"
"isolation","scalar","long","first","local_profiled_host_wall_ms","13.079099999999016","1","AI_PNG_BLIT_ISOLATION_LOCAL_2026-10-03.json","720","","","","0"
"isolation","scalar","long","warm","local_profiled_host_wall_mean_ms","4.033374999999978","20","AI_PNG_BLIT_ISOLATION_LOCAL_2026-10-03.json","720","","","","0"
"isolation","scalar","long_comparison","first","local_profiled_host_wall_ms","12.729699999999866","1","AI_PNG_BLIT_ISOLATION_LOCAL_2026-10-03.json","720","","","","0"
"isolation","scalar","long_comparison","warm","local_profiled_host_wall_mean_ms","4.463370000000031","20","AI_PNG_BLIT_ISOLATION_LOCAL_2026-10-03.json","720","","","","0"
"isolation","scalar","coverage","first","local_profiled_host_wall_ms","17.59189999999944","1","AI_PNG_BLIT_ISOLATION_LOCAL_2026-10-03.json","720","","","","0"
"isolation","scalar","coverage","warm","local_profiled_host_wall_mean_ms","4.91059499999974","20","AI_PNG_BLIT_ISOLATION_LOCAL_2026-10-03.json","720","","","","0"
"isolation","scalar","coverage","first","local_profiled_host_wall_ms","13.909100000000763","1","AI_PNG_BLIT_ISOLATION_LOCAL_2026-10-03.json","720","","","","1"
"isolation","scalar","coverage","warm","local_profiled_host_wall_mean_ms","4.434624999999142","20","AI_PNG_BLIT_ISOLATION_LOCAL_2026-10-03.json","720","","","","1"
"isolation","scalar","long_comparison","first","local_profiled_host_wall_ms","15.085699999999633","1","AI_PNG_BLIT_ISOLATION_LOCAL_2026-10-03.json","720","","","","1"
"isolation","scalar","long_comparison","warm","local_profiled_host_wall_mean_ms","4.4446799999997895","20","AI_PNG_BLIT_ISOLATION_LOCAL_2026-10-03.json","720","","","","1"
"isolation","scalar","long","first","local_profiled_host_wall_ms","11.734199999998964","1","AI_PNG_BLIT_ISOLATION_LOCAL_2026-10-03.json","720","","","","1"
"isolation","scalar","long","warm","local_profiled_host_wall_mean_ms","4.267754999999488","20","AI_PNG_BLIT_ISOLATION_LOCAL_2026-10-03.json","720","","","","1"
"isolation","scalar","comparison","first","local_profiled_host_wall_ms","11.422599999998056","1","AI_PNG_BLIT_ISOLATION_LOCAL_2026-10-03.json","720","","","","1"
"isolation","scalar","comparison","warm","local_profiled_host_wall_mean_ms","3.4645550000001095","20","AI_PNG_BLIT_ISOLATION_LOCAL_2026-10-03.json","720","","","","1"
"isolation","scalar","expression","first","local_profiled_host_wall_ms","12.46429999999964","1","AI_PNG_BLIT_ISOLATION_LOCAL_2026-10-03.json","720","","","","1"
"isolation","scalar","expression","warm","local_profiled_host_wall_mean_ms","3.981275000000278","20","AI_PNG_BLIT_ISOLATION_LOCAL_2026-10-03.json","720","","","","1"
"isolation","scalar","coverage","first","local_profiled_host_wall_ms","15.039600000000064","1","AI_PNG_BLIT_ISOLATION_LOCAL_2026-10-03.json","800","","","","1"
"isolation","scalar","coverage","warm","local_profiled_host_wall_mean_ms","4.454795000000194","20","AI_PNG_BLIT_ISOLATION_LOCAL_2026-10-03.json","800","","","","1"
"isolation","scalar","long_comparison","first","local_profiled_host_wall_ms","13.292499999999563","1","AI_PNG_BLIT_ISOLATION_LOCAL_2026-10-03.json","800","","","","1"
"isolation","scalar","long_comparison","warm","local_profiled_host_wall_mean_ms","4.314944999999716","20","AI_PNG_BLIT_ISOLATION_LOCAL_2026-10-03.json","800","","","","1"
"isolation","scalar","long","first","local_profiled_host_wall_ms","16.822100000001228","1","AI_PNG_BLIT_ISOLATION_LOCAL_2026-10-03.json","800","","","","1"
"isolation","scalar","long","warm","local_profiled_host_wall_mean_ms","5.239580000000205","20","AI_PNG_BLIT_ISOLATION_LOCAL_2026-10-03.json","800","","","","1"
"isolation","scalar","comparison","first","local_profiled_host_wall_ms","16.738799999999173","1","AI_PNG_BLIT_ISOLATION_LOCAL_2026-10-03.json","800","","","","1"
"isolation","scalar","comparison","warm","local_profiled_host_wall_mean_ms","5.1371799999997165","20","AI_PNG_BLIT_ISOLATION_LOCAL_2026-10-03.json","800","","","","1"
"isolation","scalar","expression","first","local_profiled_host_wall_ms","13.504700000001321","1","AI_PNG_BLIT_ISOLATION_LOCAL_2026-10-03.json","800","","","","1"
"isolation","scalar","expression","warm","local_profiled_host_wall_mean_ms","4.881354999999712","20","AI_PNG_BLIT_ISOLATION_LOCAL_2026-10-03.json","800","","","","1"
"isolation","scalar","expression","first","local_profiled_host_wall_ms","15.999199999998382","1","AI_PNG_BLIT_ISOLATION_LOCAL_2026-10-03.json","800","","","","2"
"isolation","scalar","expression","warm","local_profiled_host_wall_mean_ms","4.185099999999329","20","AI_PNG_BLIT_ISOLATION_LOCAL_2026-10-03.json","800","","","","2"
"isolation","scalar","comparison","first","local_profiled_host_wall_ms","14.705499999996391","1","AI_PNG_BLIT_ISOLATION_LOCAL_2026-10-03.json","800","","","","2"
"isolation","scalar","comparison","warm","local_profiled_host_wall_mean_ms","3.833090000000084","20","AI_PNG_BLIT_ISOLATION_LOCAL_2026-10-03.json","800","","","","2"
"isolation","scalar","long","first","local_profiled_host_wall_ms","18.866900000000896","1","AI_PNG_BLIT_ISOLATION_LOCAL_2026-10-03.json","800","","","","2"
"isolation","scalar","long","warm","local_profiled_host_wall_mean_ms","4.9710400000007215","20","AI_PNG_BLIT_ISOLATION_LOCAL_2026-10-03.json","800","","","","2"
"isolation","scalar","long_comparison","first","local_profiled_host_wall_ms","11.900200000003679","1","AI_PNG_BLIT_ISOLATION_LOCAL_2026-10-03.json","800","","","","2"
"isolation","scalar","long_comparison","warm","local_profiled_host_wall_mean_ms","4.509384999999384","20","AI_PNG_BLIT_ISOLATION_LOCAL_2026-10-03.json","800","","","","2"
"isolation","scalar","coverage","first","local_profiled_host_wall_ms","18.931100000001607","1","AI_PNG_BLIT_ISOLATION_LOCAL_2026-10-03.json","800","","","","2"
"isolation","scalar","coverage","warm","local_profiled_host_wall_mean_ms","4.4771249999994325","20","AI_PNG_BLIT_ISOLATION_LOCAL_2026-10-03.json","800","","","","2"
"isolation","scalar","expression","first","local_profiled_host_wall_ms","12.24840000000404","1","AI_PNG_BLIT_ISOLATION_LOCAL_2026-10-03.json","720","","","","2"
"isolation","scalar","expression","warm","local_profiled_host_wall_mean_ms","3.79319500000056","20","AI_PNG_BLIT_ISOLATION_LOCAL_2026-10-03.json","720","","","","2"
"isolation","scalar","comparison","first","local_profiled_host_wall_ms","10.386300000005576","1","AI_PNG_BLIT_ISOLATION_LOCAL_2026-10-03.json","720","","","","2"
"isolation","scalar","comparison","warm","local_profiled_host_wall_mean_ms","3.6032150000013643","20","AI_PNG_BLIT_ISOLATION_LOCAL_2026-10-03.json","720","","","","2"
"isolation","scalar","long","first","local_profiled_host_wall_ms","13.4120000000039","1","AI_PNG_BLIT_ISOLATION_LOCAL_2026-10-03.json","720","","","","2"
"isolation","scalar","long","warm","local_profiled_host_wall_mean_ms","4.3845099999995","20","AI_PNG_BLIT_ISOLATION_LOCAL_2026-10-03.json","720","","","","2"
"isolation","scalar","long_comparison","first","local_profiled_host_wall_ms","14.557700000004843","1","AI_PNG_BLIT_ISOLATION_LOCAL_2026-10-03.json","720","","","","2"
"isolation","scalar","long_comparison","warm","local_profiled_host_wall_mean_ms","4.181369999999879","20","AI_PNG_BLIT_ISOLATION_LOCAL_2026-10-03.json","720","","","","2"
"isolation","scalar","coverage","first","local_profiled_host_wall_ms","19.91649999999936","1","AI_PNG_BLIT_ISOLATION_LOCAL_2026-10-03.json","720","","","","2"
"isolation","scalar","coverage","warm","local_profiled_host_wall_mean_ms","4.39210000000021","20","AI_PNG_BLIT_ISOLATION_LOCAL_2026-10-03.json","720","","","","2"
"isolation","scalar","coverage","first","local_profiled_host_wall_ms","14.72950000000128","1","AI_PNG_BLIT_ISOLATION_LOCAL_2026-10-03.json","720","","","","3"
"isolation","scalar","coverage","warm","local_profiled_host_wall_mean_ms","4.474864999999772","20","AI_PNG_BLIT_ISOLATION_LOCAL_2026-10-03.json","720","","","","3"
"isolation","scalar","long_comparison","first","local_profiled_host_wall_ms","12.762099999999919","1","AI_PNG_BLIT_ISOLATION_LOCAL_2026-10-03.json","720","","","","3"
"isolation","scalar","long_comparison","warm","local_profiled_host_wall_mean_ms","4.144100000000617","20","AI_PNG_BLIT_ISOLATION_LOCAL_2026-10-03.json","720","","","","3"
"isolation","scalar","long","first","local_profiled_host_wall_ms","12.777499999996508","1","AI_PNG_BLIT_ISOLATION_LOCAL_2026-10-03.json","720","","","","3"
"isolation","scalar","long","warm","local_profiled_host_wall_mean_ms","4.077905000000465","20","AI_PNG_BLIT_ISOLATION_LOCAL_2026-10-03.json","720","","","","3"
"isolation","scalar","comparison","first","local_profiled_host_wall_ms","10.403300000005402","1","AI_PNG_BLIT_ISOLATION_LOCAL_2026-10-03.json","720","","","","3"
"isolation","scalar","comparison","warm","local_profiled_host_wall_mean_ms","3.456334999999308","20","AI_PNG_BLIT_ISOLATION_LOCAL_2026-10-03.json","720","","","","3"
"isolation","scalar","expression","first","local_profiled_host_wall_ms","12.703999999997905","1","AI_PNG_BLIT_ISOLATION_LOCAL_2026-10-03.json","720","","","","3"
"isolation","scalar","expression","warm","local_profiled_host_wall_mean_ms","3.6660349999994652","20","AI_PNG_BLIT_ISOLATION_LOCAL_2026-10-03.json","720","","","","3"
"isolation","scalar","coverage","first","local_profiled_host_wall_ms","14.529399999999441","1","AI_PNG_BLIT_ISOLATION_LOCAL_2026-10-03.json","800","","","","3"
"isolation","scalar","coverage","warm","local_profiled_host_wall_mean_ms","4.366939999999886","20","AI_PNG_BLIT_ISOLATION_LOCAL_2026-10-03.json","800","","","","3"
"isolation","scalar","long_comparison","first","local_profiled_host_wall_ms","12.640699999996286","1","AI_PNG_BLIT_ISOLATION_LOCAL_2026-10-03.json","800","","","","3"
"isolation","scalar","long_comparison","warm","local_profiled_host_wall_mean_ms","4.285104999999748","20","AI_PNG_BLIT_ISOLATION_LOCAL_2026-10-03.json","800","","","","3"
"isolation","scalar","long","first","local_profiled_host_wall_ms","17.4716000000044","1","AI_PNG_BLIT_ISOLATION_LOCAL_2026-10-03.json","800","","","","3"
"isolation","scalar","long","warm","local_profiled_host_wall_mean_ms","4.216645000000062","20","AI_PNG_BLIT_ISOLATION_LOCAL_2026-10-03.json","800","","","","3"
"isolation","scalar","comparison","first","local_profiled_host_wall_ms","11.071200000005774","1","AI_PNG_BLIT_ISOLATION_LOCAL_2026-10-03.json","800","","","","3"
"isolation","scalar","comparison","warm","local_profiled_host_wall_mean_ms","3.6475600000001576","20","AI_PNG_BLIT_ISOLATION_LOCAL_2026-10-03.json","800","","","","3"
"isolation","scalar","expression","first","local_profiled_host_wall_ms","14.101199999997334","1","AI_PNG_BLIT_ISOLATION_LOCAL_2026-10-03.json","800","","","","3"
"isolation","scalar","expression","warm","local_profiled_host_wall_mean_ms","3.9468199999995703","20","AI_PNG_BLIT_ISOLATION_LOCAL_2026-10-03.json","800","","","","3"
"isolation","extracted","expression","first","local_profiled_host_wall_ms","10.866399999999885","1","AI_PNG_BLIT_ISOLATION_LOCAL_2026-10-03.json","800","","","","0"
"isolation","extracted","expression","warm","local_profiled_host_wall_mean_ms","4.0575550000000025","20","AI_PNG_BLIT_ISOLATION_LOCAL_2026-10-03.json","800","","","","0"
"isolation","extracted","comparison","first","local_profiled_host_wall_ms","11.774599999999737","1","AI_PNG_BLIT_ISOLATION_LOCAL_2026-10-03.json","800","","","","0"
"isolation","extracted","comparison","warm","local_profiled_host_wall_mean_ms","4.114044999999896","20","AI_PNG_BLIT_ISOLATION_LOCAL_2026-10-03.json","800","","","","0"
"isolation","extracted","long","first","local_profiled_host_wall_ms","15.491500000000087","1","AI_PNG_BLIT_ISOLATION_LOCAL_2026-10-03.json","800","","","","0"
"isolation","extracted","long","warm","local_profiled_host_wall_mean_ms","4.102200000000039","20","AI_PNG_BLIT_ISOLATION_LOCAL_2026-10-03.json","800","","","","0"
"isolation","extracted","long_comparison","first","local_profiled_host_wall_ms","14.890599999999722","1","AI_PNG_BLIT_ISOLATION_LOCAL_2026-10-03.json","800","","","","0"
"isolation","extracted","long_comparison","warm","local_profiled_host_wall_mean_ms","4.2355849999999915","20","AI_PNG_BLIT_ISOLATION_LOCAL_2026-10-03.json","800","","","","0"
"isolation","extracted","coverage","first","local_profiled_host_wall_ms","14.111399999999776","1","AI_PNG_BLIT_ISOLATION_LOCAL_2026-10-03.json","800","","","","0"
"isolation","extracted","coverage","warm","local_profiled_host_wall_mean_ms","4.915505000000212","20","AI_PNG_BLIT_ISOLATION_LOCAL_2026-10-03.json","800","","","","0"
"isolation","extracted","expression","first","local_profiled_host_wall_ms","12.193500000001222","1","AI_PNG_BLIT_ISOLATION_LOCAL_2026-10-03.json","720","","","","0"
"isolation","extracted","expression","warm","local_profiled_host_wall_mean_ms","4.006559999999718","20","AI_PNG_BLIT_ISOLATION_LOCAL_2026-10-03.json","720","","","","0"
"isolation","extracted","comparison","first","local_profiled_host_wall_ms","10.73359999999957","1","AI_PNG_BLIT_ISOLATION_LOCAL_2026-10-03.json","720","","","","0"
"isolation","extracted","comparison","warm","local_profiled_host_wall_mean_ms","3.5163699999997333","20","AI_PNG_BLIT_ISOLATION_LOCAL_2026-10-03.json","720","","","","0"
"isolation","extracted","long","first","local_profiled_host_wall_ms","12.932800000000498","1","AI_PNG_BLIT_ISOLATION_LOCAL_2026-10-03.json","720","","","","0"
"isolation","extracted","long","warm","local_profiled_host_wall_mean_ms","4.21585500000001","20","AI_PNG_BLIT_ISOLATION_LOCAL_2026-10-03.json","720","","","","0"
"isolation","extracted","long_comparison","first","local_profiled_host_wall_ms","12.422300000000178","1","AI_PNG_BLIT_ISOLATION_LOCAL_2026-10-03.json","720","","","","0"
"isolation","extracted","long_comparison","warm","local_profiled_host_wall_mean_ms","4.5821449999999455","20","AI_PNG_BLIT_ISOLATION_LOCAL_2026-10-03.json","720","","","","0"
"isolation","extracted","coverage","first","local_profiled_host_wall_ms","13.95260000000053","1","AI_PNG_BLIT_ISOLATION_LOCAL_2026-10-03.json","720","","","","0"
"isolation","extracted","coverage","warm","local_profiled_host_wall_mean_ms","4.0874249999998025","20","AI_PNG_BLIT_ISOLATION_LOCAL_2026-10-03.json","720","","","","0"
"isolation","extracted","coverage","first","local_profiled_host_wall_ms","16.574900000003254","1","AI_PNG_BLIT_ISOLATION_LOCAL_2026-10-03.json","720","","","","1"
"isolation","extracted","coverage","warm","local_profiled_host_wall_mean_ms","4.444514999999956","20","AI_PNG_BLIT_ISOLATION_LOCAL_2026-10-03.json","720","","","","1"
"isolation","extracted","long_comparison","first","local_profiled_host_wall_ms","13.605999999999767","1","AI_PNG_BLIT_ISOLATION_LOCAL_2026-10-03.json","720","","","","1"
"isolation","extracted","long_comparison","warm","local_profiled_host_wall_mean_ms","4.888979999999537","20","AI_PNG_BLIT_ISOLATION_LOCAL_2026-10-03.json","720","","","","1"
"isolation","extracted","long","first","local_profiled_host_wall_ms","11.287400000001071","1","AI_PNG_BLIT_ISOLATION_LOCAL_2026-10-03.json","720","","","","1"
"isolation","extracted","long","warm","local_profiled_host_wall_mean_ms","3.9296000000000277","20","AI_PNG_BLIT_ISOLATION_LOCAL_2026-10-03.json","720","","","","1"
"isolation","extracted","comparison","first","local_profiled_host_wall_ms","10.795900000000984","1","AI_PNG_BLIT_ISOLATION_LOCAL_2026-10-03.json","720","","","","1"
"isolation","extracted","comparison","warm","local_profiled_host_wall_mean_ms","3.5490699999998467","20","AI_PNG_BLIT_ISOLATION_LOCAL_2026-10-03.json","720","","","","1"
"isolation","extracted","expression","first","local_profiled_host_wall_ms","11.532199999997829","1","AI_PNG_BLIT_ISOLATION_LOCAL_2026-10-03.json","720","","","","1"
"isolation","extracted","expression","warm","local_profiled_host_wall_mean_ms","4.077414999999928","20","AI_PNG_BLIT_ISOLATION_LOCAL_2026-10-03.json","720","","","","1"
"isolation","extracted","coverage","first","local_profiled_host_wall_ms","14.925199999997858","1","AI_PNG_BLIT_ISOLATION_LOCAL_2026-10-03.json","800","","","","1"
"isolation","extracted","coverage","warm","local_profiled_host_wall_mean_ms","4.6740899999993415","20","AI_PNG_BLIT_ISOLATION_LOCAL_2026-10-03.json","800","","","","1"
"isolation","extracted","long_comparison","first","local_profiled_host_wall_ms","13.483799999998155","1","AI_PNG_BLIT_ISOLATION_LOCAL_2026-10-03.json","800","","","","1"
"isolation","extracted","long_comparison","warm","local_profiled_host_wall_mean_ms","4.578475000000617","20","AI_PNG_BLIT_ISOLATION_LOCAL_2026-10-03.json","800","","","","1"
"isolation","extracted","long","first","local_profiled_host_wall_ms","14.761900000001333","1","AI_PNG_BLIT_ISOLATION_LOCAL_2026-10-03.json","800","","","","1"
"isolation","extracted","long","warm","local_profiled_host_wall_mean_ms","4.399169999999685","20","AI_PNG_BLIT_ISOLATION_LOCAL_2026-10-03.json","800","","","","1"
"isolation","extracted","comparison","first","local_profiled_host_wall_ms","14.635699999998906","1","AI_PNG_BLIT_ISOLATION_LOCAL_2026-10-03.json","800","","","","1"
"isolation","extracted","comparison","warm","local_profiled_host_wall_mean_ms","4.602379999999902","20","AI_PNG_BLIT_ISOLATION_LOCAL_2026-10-03.json","800","","","","1"
"isolation","extracted","expression","first","local_profiled_host_wall_ms","14.028399999999237","1","AI_PNG_BLIT_ISOLATION_LOCAL_2026-10-03.json","800","","","","1"
"isolation","extracted","expression","warm","local_profiled_host_wall_mean_ms","4.201430000000073","20","AI_PNG_BLIT_ISOLATION_LOCAL_2026-10-03.json","800","","","","1"
"isolation","extracted","expression","first","local_profiled_host_wall_ms","11.868399999999383","1","AI_PNG_BLIT_ISOLATION_LOCAL_2026-10-03.json","800","","","","2"
"isolation","extracted","expression","warm","local_profiled_host_wall_mean_ms","3.961579999999958","20","AI_PNG_BLIT_ISOLATION_LOCAL_2026-10-03.json","800","","","","2"
"isolation","extracted","comparison","first","local_profiled_host_wall_ms","10.301400000003923","1","AI_PNG_BLIT_ISOLATION_LOCAL_2026-10-03.json","800","","","","2"
"isolation","extracted","comparison","warm","local_profiled_host_wall_mean_ms","3.725484999999753","20","AI_PNG_BLIT_ISOLATION_LOCAL_2026-10-03.json","800","","","","2"
"isolation","extracted","long","first","local_profiled_host_wall_ms","13.92899999999645","1","AI_PNG_BLIT_ISOLATION_LOCAL_2026-10-03.json","800","","","","2"
"isolation","extracted","long","warm","local_profiled_host_wall_mean_ms","4.3663300000000165","20","AI_PNG_BLIT_ISOLATION_LOCAL_2026-10-03.json","800","","","","2"
"isolation","extracted","long_comparison","first","local_profiled_host_wall_ms","16.71200000000681","1","AI_PNG_BLIT_ISOLATION_LOCAL_2026-10-03.json","800","","","","2"
"isolation","extracted","long_comparison","warm","local_profiled_host_wall_mean_ms","4.78070000000007","20","AI_PNG_BLIT_ISOLATION_LOCAL_2026-10-03.json","800","","","","2"
"isolation","extracted","coverage","first","local_profiled_host_wall_ms","16.977500000000873","1","AI_PNG_BLIT_ISOLATION_LOCAL_2026-10-03.json","800","","","","2"
"isolation","extracted","coverage","warm","local_profiled_host_wall_mean_ms","4.8611749999992755","20","AI_PNG_BLIT_ISOLATION_LOCAL_2026-10-03.json","800","","","","2"
"isolation","extracted","expression","first","local_profiled_host_wall_ms","17.358799999994517","1","AI_PNG_BLIT_ISOLATION_LOCAL_2026-10-03.json","720","","","","2"
"isolation","extracted","expression","warm","local_profiled_host_wall_mean_ms","6.1941050000001265","20","AI_PNG_BLIT_ISOLATION_LOCAL_2026-10-03.json","720","","","","2"
"isolation","extracted","comparison","first","local_profiled_host_wall_ms","10.679400000000896","1","AI_PNG_BLIT_ISOLATION_LOCAL_2026-10-03.json","720","","","","2"
"isolation","extracted","comparison","warm","local_profiled_host_wall_mean_ms","3.6407449999991512","20","AI_PNG_BLIT_ISOLATION_LOCAL_2026-10-03.json","720","","","","2"
"isolation","extracted","long","first","local_profiled_host_wall_ms","11.996099999996659","1","AI_PNG_BLIT_ISOLATION_LOCAL_2026-10-03.json","720","","","","2"
"isolation","extracted","long","warm","local_profiled_host_wall_mean_ms","4.950690000000032","20","AI_PNG_BLIT_ISOLATION_LOCAL_2026-10-03.json","720","","","","2"
"isolation","extracted","long_comparison","first","local_profiled_host_wall_ms","12.136500000000524","1","AI_PNG_BLIT_ISOLATION_LOCAL_2026-10-03.json","720","","","","2"
"isolation","extracted","long_comparison","warm","local_profiled_host_wall_mean_ms","4.2420049999993354","20","AI_PNG_BLIT_ISOLATION_LOCAL_2026-10-03.json","720","","","","2"
"isolation","extracted","coverage","first","local_profiled_host_wall_ms","15.792399999998452","1","AI_PNG_BLIT_ISOLATION_LOCAL_2026-10-03.json","720","","","","2"
"isolation","extracted","coverage","warm","local_profiled_host_wall_mean_ms","4.379299999999785","20","AI_PNG_BLIT_ISOLATION_LOCAL_2026-10-03.json","720","","","","2"
"isolation","extracted","coverage","first","local_profiled_host_wall_ms","14.438700000006065","1","AI_PNG_BLIT_ISOLATION_LOCAL_2026-10-03.json","720","","","","3"
"isolation","extracted","coverage","warm","local_profiled_host_wall_mean_ms","4.291850000001068","20","AI_PNG_BLIT_ISOLATION_LOCAL_2026-10-03.json","720","","","","3"
"isolation","extracted","long_comparison","first","local_profiled_host_wall_ms","16.9887000000017","1","AI_PNG_BLIT_ISOLATION_LOCAL_2026-10-03.json","720","","","","3"
"isolation","extracted","long_comparison","warm","local_profiled_host_wall_mean_ms","4.494375000000946","20","AI_PNG_BLIT_ISOLATION_LOCAL_2026-10-03.json","720","","","","3"
"isolation","extracted","long","first","local_profiled_host_wall_ms","12.328800000002957","1","AI_PNG_BLIT_ISOLATION_LOCAL_2026-10-03.json","720","","","","3"
"isolation","extracted","long","warm","local_profiled_host_wall_mean_ms","4.0730349999998","20","AI_PNG_BLIT_ISOLATION_LOCAL_2026-10-03.json","720","","","","3"
"isolation","extracted","comparison","first","local_profiled_host_wall_ms","10.396600000000035","1","AI_PNG_BLIT_ISOLATION_LOCAL_2026-10-03.json","720","","","","3"
"isolation","extracted","comparison","warm","local_profiled_host_wall_mean_ms","3.2012599999990927","20","AI_PNG_BLIT_ISOLATION_LOCAL_2026-10-03.json","720","","","","3"
"isolation","extracted","expression","first","local_profiled_host_wall_ms","12.19199999999546","1","AI_PNG_BLIT_ISOLATION_LOCAL_2026-10-03.json","720","","","","3"
"isolation","extracted","expression","warm","local_profiled_host_wall_mean_ms","3.692630000000645","20","AI_PNG_BLIT_ISOLATION_LOCAL_2026-10-03.json","720","","","","3"
"isolation","extracted","coverage","first","local_profiled_host_wall_ms","15.63169999999809","1","AI_PNG_BLIT_ISOLATION_LOCAL_2026-10-03.json","800","","","","3"
"isolation","extracted","coverage","warm","local_profiled_host_wall_mean_ms","4.685435000000507","20","AI_PNG_BLIT_ISOLATION_LOCAL_2026-10-03.json","800","","","","3"
"isolation","extracted","long_comparison","first","local_profiled_host_wall_ms","14.917999999997846","1","AI_PNG_BLIT_ISOLATION_LOCAL_2026-10-03.json","800","","","","3"
"isolation","extracted","long_comparison","warm","local_profiled_host_wall_mean_ms","3.903759999999238","20","AI_PNG_BLIT_ISOLATION_LOCAL_2026-10-03.json","800","","","","3"
"isolation","extracted","long","first","local_profiled_host_wall_ms","12.05619999999908","1","AI_PNG_BLIT_ISOLATION_LOCAL_2026-10-03.json","800","","","","3"
"isolation","extracted","long","warm","local_profiled_host_wall_mean_ms","4.1853850000003145","20","AI_PNG_BLIT_ISOLATION_LOCAL_2026-10-03.json","800","","","","3"
"isolation","extracted","comparison","first","local_profiled_host_wall_ms","12.986199999999371","1","AI_PNG_BLIT_ISOLATION_LOCAL_2026-10-03.json","800","","","","3"
"isolation","extracted","comparison","warm","local_profiled_host_wall_mean_ms","3.5086349999990487","20","AI_PNG_BLIT_ISOLATION_LOCAL_2026-10-03.json","800","","","","3"
"isolation","extracted","expression","first","local_profiled_host_wall_ms","13.279699999999139","1","AI_PNG_BLIT_ISOLATION_LOCAL_2026-10-03.json","800","","","","3"
"isolation","extracted","expression","warm","local_profiled_host_wall_mean_ms","4.270459999999366","20","AI_PNG_BLIT_ISOLATION_LOCAL_2026-10-03.json","800","","","","3"
"isolation","packed","expression","first","local_profiled_host_wall_ms","15.446400000000267","1","AI_PNG_BLIT_ISOLATION_LOCAL_2026-10-03.json","800","","","","0"
"isolation","packed","expression","warm","local_profiled_host_wall_mean_ms","4.760835000000066","20","AI_PNG_BLIT_ISOLATION_LOCAL_2026-10-03.json","800","","","","0"
"isolation","packed","comparison","first","local_profiled_host_wall_ms","13.542699999999968","1","AI_PNG_BLIT_ISOLATION_LOCAL_2026-10-03.json","800","","","","0"
"isolation","packed","comparison","warm","local_profiled_host_wall_mean_ms","3.992260000000124","20","AI_PNG_BLIT_ISOLATION_LOCAL_2026-10-03.json","800","","","","0"
"isolation","packed","long","first","local_profiled_host_wall_ms","14.721199999999953","1","AI_PNG_BLIT_ISOLATION_LOCAL_2026-10-03.json","800","","","","0"
"isolation","packed","long","warm","local_profiled_host_wall_mean_ms","4.511724999999887","20","AI_PNG_BLIT_ISOLATION_LOCAL_2026-10-03.json","800","","","","0"
"isolation","packed","long_comparison","first","local_profiled_host_wall_ms","14.63130000000001","1","AI_PNG_BLIT_ISOLATION_LOCAL_2026-10-03.json","800","","","","0"
"isolation","packed","long_comparison","warm","local_profiled_host_wall_mean_ms","4.438425000000007","20","AI_PNG_BLIT_ISOLATION_LOCAL_2026-10-03.json","800","","","","0"
"isolation","packed","coverage","first","local_profiled_host_wall_ms","14.60490000000027","1","AI_PNG_BLIT_ISOLATION_LOCAL_2026-10-03.json","800","","","","0"
"isolation","packed","coverage","warm","local_profiled_host_wall_mean_ms","4.545994999999948","20","AI_PNG_BLIT_ISOLATION_LOCAL_2026-10-03.json","800","","","","0"
"isolation","packed","expression","first","local_profiled_host_wall_ms","13.76509999999871","1","AI_PNG_BLIT_ISOLATION_LOCAL_2026-10-03.json","720","","","","0"
"isolation","packed","expression","warm","local_profiled_host_wall_mean_ms","4.137649999999757","20","AI_PNG_BLIT_ISOLATION_LOCAL_2026-10-03.json","720","","","","0"
"isolation","packed","comparison","first","local_profiled_host_wall_ms","11.108400000000984","1","AI_PNG_BLIT_ISOLATION_LOCAL_2026-10-03.json","720","","","","0"
"isolation","packed","comparison","warm","local_profiled_host_wall_mean_ms","3.5761750000000574","20","AI_PNG_BLIT_ISOLATION_LOCAL_2026-10-03.json","720","","","","0"
"isolation","packed","long","first","local_profiled_host_wall_ms","13.836800000000949","1","AI_PNG_BLIT_ISOLATION_LOCAL_2026-10-03.json","720","","","","0"
"isolation","packed","long","warm","local_profiled_host_wall_mean_ms","4.515775000000213","20","AI_PNG_BLIT_ISOLATION_LOCAL_2026-10-03.json","720","","","","0"
"isolation","packed","long_comparison","first","local_profiled_host_wall_ms","15.0604000000003","1","AI_PNG_BLIT_ISOLATION_LOCAL_2026-10-03.json","720","","","","0"
"isolation","packed","long_comparison","warm","local_profiled_host_wall_mean_ms","4.150410000000102","20","AI_PNG_BLIT_ISOLATION_LOCAL_2026-10-03.json","720","","","","0"
"isolation","packed","coverage","first","local_profiled_host_wall_ms","14.680599999999686","1","AI_PNG_BLIT_ISOLATION_LOCAL_2026-10-03.json","720","","","","0"
"isolation","packed","coverage","warm","local_profiled_host_wall_mean_ms","4.608245000000534","20","AI_PNG_BLIT_ISOLATION_LOCAL_2026-10-03.json","720","","","","0"
"isolation","packed","coverage","first","local_profiled_host_wall_ms","15.46900000000096","1","AI_PNG_BLIT_ISOLATION_LOCAL_2026-10-03.json","720","","","","1"
"isolation","packed","coverage","warm","local_profiled_host_wall_mean_ms","4.306104999999843","20","AI_PNG_BLIT_ISOLATION_LOCAL_2026-10-03.json","720","","","","1"
"isolation","packed","long_comparison","first","local_profiled_host_wall_ms","15.902200000000448","1","AI_PNG_BLIT_ISOLATION_LOCAL_2026-10-03.json","720","","","","1"
"isolation","packed","long_comparison","warm","local_profiled_host_wall_mean_ms","4.066385000000264","20","AI_PNG_BLIT_ISOLATION_LOCAL_2026-10-03.json","720","","","","1"
"isolation","packed","long","first","local_profiled_host_wall_ms","13.699100000001636","1","AI_PNG_BLIT_ISOLATION_LOCAL_2026-10-03.json","720","","","","1"
"isolation","packed","long","warm","local_profiled_host_wall_mean_ms","4.625004999999874","20","AI_PNG_BLIT_ISOLATION_LOCAL_2026-10-03.json","720","","","","1"
"isolation","packed","comparison","first","local_profiled_host_wall_ms","11.332399999999325","1","AI_PNG_BLIT_ISOLATION_LOCAL_2026-10-03.json","720","","","","1"
"isolation","packed","comparison","warm","local_profiled_host_wall_mean_ms","3.344770000000426","20","AI_PNG_BLIT_ISOLATION_LOCAL_2026-10-03.json","720","","","","1"
"isolation","packed","expression","first","local_profiled_host_wall_ms","14.888199999997596","1","AI_PNG_BLIT_ISOLATION_LOCAL_2026-10-03.json","720","","","","1"
"isolation","packed","expression","warm","local_profiled_host_wall_mean_ms","4.228514999999788","20","AI_PNG_BLIT_ISOLATION_LOCAL_2026-10-03.json","720","","","","1"
"isolation","packed","coverage","first","local_profiled_host_wall_ms","15.116300000001502","1","AI_PNG_BLIT_ISOLATION_LOCAL_2026-10-03.json","800","","","","1"
"isolation","packed","coverage","warm","local_profiled_host_wall_mean_ms","4.661934999999721","20","AI_PNG_BLIT_ISOLATION_LOCAL_2026-10-03.json","800","","","","1"
"isolation","packed","long_comparison","first","local_profiled_host_wall_ms","17.74329999999827","1","AI_PNG_BLIT_ISOLATION_LOCAL_2026-10-03.json","800","","","","1"
"isolation","packed","long_comparison","warm","local_profiled_host_wall_mean_ms","4.792475000000377","20","AI_PNG_BLIT_ISOLATION_LOCAL_2026-10-03.json","800","","","","1"
"isolation","packed","long","first","local_profiled_host_wall_ms","17.666299999997136","1","AI_PNG_BLIT_ISOLATION_LOCAL_2026-10-03.json","800","","","","1"
"isolation","packed","long","warm","local_profiled_host_wall_mean_ms","4.9864550000002055","20","AI_PNG_BLIT_ISOLATION_LOCAL_2026-10-03.json","800","","","","1"
"isolation","packed","comparison","first","local_profiled_host_wall_ms","11.497699999999895","1","AI_PNG_BLIT_ISOLATION_LOCAL_2026-10-03.json","800","","","","1"
"isolation","packed","comparison","warm","local_profiled_host_wall_mean_ms","3.863520000000244","20","AI_PNG_BLIT_ISOLATION_LOCAL_2026-10-03.json","800","","","","1"
"isolation","packed","expression","first","local_profiled_host_wall_ms","16.38000000000102","1","AI_PNG_BLIT_ISOLATION_LOCAL_2026-10-03.json","800","","","","1"
"isolation","packed","expression","warm","local_profiled_host_wall_mean_ms","4.248415000000023","20","AI_PNG_BLIT_ISOLATION_LOCAL_2026-10-03.json","800","","","","1"
"isolation","packed","expression","first","local_profiled_host_wall_ms","13.744999999998981","1","AI_PNG_BLIT_ISOLATION_LOCAL_2026-10-03.json","800","","","","2"
"isolation","packed","expression","warm","local_profiled_host_wall_mean_ms","4.487889999999789","20","AI_PNG_BLIT_ISOLATION_LOCAL_2026-10-03.json","800","","","","2"
"isolation","packed","comparison","first","local_profiled_host_wall_ms","12.76299999999901","1","AI_PNG_BLIT_ISOLATION_LOCAL_2026-10-03.json","800","","","","2"
"isolation","packed","comparison","warm","local_profiled_host_wall_mean_ms","3.739409999999407","20","AI_PNG_BLIT_ISOLATION_LOCAL_2026-10-03.json","800","","","","2"
"isolation","packed","long","first","local_profiled_host_wall_ms","15.625800000001618","1","AI_PNG_BLIT_ISOLATION_LOCAL_2026-10-03.json","800","","","","2"
"isolation","packed","long","warm","local_profiled_host_wall_mean_ms","4.118444999999701","20","AI_PNG_BLIT_ISOLATION_LOCAL_2026-10-03.json","800","","","","2"
"isolation","packed","long_comparison","first","local_profiled_host_wall_ms","16.05920000000333","1","AI_PNG_BLIT_ISOLATION_LOCAL_2026-10-03.json","800","","","","2"
"isolation","packed","long_comparison","warm","local_profiled_host_wall_mean_ms","4.082139999999709","20","AI_PNG_BLIT_ISOLATION_LOCAL_2026-10-03.json","800","","","","2"
"isolation","packed","coverage","first","local_profiled_host_wall_ms","18.525699999998324","1","AI_PNG_BLIT_ISOLATION_LOCAL_2026-10-03.json","800","","","","2"
"isolation","packed","coverage","warm","local_profiled_host_wall_mean_ms","4.991999999999462","20","AI_PNG_BLIT_ISOLATION_LOCAL_2026-10-03.json","800","","","","2"
"isolation","packed","expression","first","local_profiled_host_wall_ms","12.652499999996508","1","AI_PNG_BLIT_ISOLATION_LOCAL_2026-10-03.json","720","","","","2"
"isolation","packed","expression","warm","local_profiled_host_wall_mean_ms","4.055285000000367","20","AI_PNG_BLIT_ISOLATION_LOCAL_2026-10-03.json","720","","","","2"
"isolation","packed","comparison","first","local_profiled_host_wall_ms","10.384200000000419","1","AI_PNG_BLIT_ISOLATION_LOCAL_2026-10-03.json","720","","","","2"
"isolation","packed","comparison","warm","local_profiled_host_wall_mean_ms","3.448530000000028","20","AI_PNG_BLIT_ISOLATION_LOCAL_2026-10-03.json","720","","","","2"
"isolation","packed","long","first","local_profiled_host_wall_ms","14.946800000005169","1","AI_PNG_BLIT_ISOLATION_LOCAL_2026-10-03.json","720","","","","2"
"isolation","packed","long","warm","local_profiled_host_wall_mean_ms","4.193694999998843","20","AI_PNG_BLIT_ISOLATION_LOCAL_2026-10-03.json","720","","","","2"
"isolation","packed","long_comparison","first","local_profiled_host_wall_ms","16.271200000002864","1","AI_PNG_BLIT_ISOLATION_LOCAL_2026-10-03.json","720","","","","2"
"isolation","packed","long_comparison","warm","local_profiled_host_wall_mean_ms","4.23622500000165","20","AI_PNG_BLIT_ISOLATION_LOCAL_2026-10-03.json","720","","","","2"
"isolation","packed","coverage","first","local_profiled_host_wall_ms","15.358000000000175","1","AI_PNG_BLIT_ISOLATION_LOCAL_2026-10-03.json","720","","","","2"
"isolation","packed","coverage","warm","local_profiled_host_wall_mean_ms","5.313354999999865","20","AI_PNG_BLIT_ISOLATION_LOCAL_2026-10-03.json","720","","","","2"
"isolation","packed","coverage","first","local_profiled_host_wall_ms","14.744599999998172","1","AI_PNG_BLIT_ISOLATION_LOCAL_2026-10-03.json","720","","","","3"
"isolation","packed","coverage","warm","local_profiled_host_wall_mean_ms","4.244114999999875","20","AI_PNG_BLIT_ISOLATION_LOCAL_2026-10-03.json","720","","","","3"
"isolation","packed","long_comparison","first","local_profiled_host_wall_ms","17.205300000001444","1","AI_PNG_BLIT_ISOLATION_LOCAL_2026-10-03.json","720","","","","3"
"isolation","packed","long_comparison","warm","local_profiled_host_wall_mean_ms","4.932954999999493","20","AI_PNG_BLIT_ISOLATION_LOCAL_2026-10-03.json","720","","","","3"
"isolation","packed","long","first","local_profiled_host_wall_ms","13.964200000002165","1","AI_PNG_BLIT_ISOLATION_LOCAL_2026-10-03.json","720","","","","3"
"isolation","packed","long","warm","local_profiled_host_wall_mean_ms","4.2128899999999705","20","AI_PNG_BLIT_ISOLATION_LOCAL_2026-10-03.json","720","","","","3"
"isolation","packed","comparison","first","local_profiled_host_wall_ms","10.93130000000383","1","AI_PNG_BLIT_ISOLATION_LOCAL_2026-10-03.json","720","","","","3"
"isolation","packed","comparison","warm","local_profiled_host_wall_mean_ms","3.1714449999999488","20","AI_PNG_BLIT_ISOLATION_LOCAL_2026-10-03.json","720","","","","3"
"isolation","packed","expression","first","local_profiled_host_wall_ms","11.505799999998999","1","AI_PNG_BLIT_ISOLATION_LOCAL_2026-10-03.json","720","","","","3"
"isolation","packed","expression","warm","local_profiled_host_wall_mean_ms","3.6437900000004446","20","AI_PNG_BLIT_ISOLATION_LOCAL_2026-10-03.json","720","","","","3"
"isolation","packed","coverage","first","local_profiled_host_wall_ms","16.0653999999995","1","AI_PNG_BLIT_ISOLATION_LOCAL_2026-10-03.json","800","","","","3"
"isolation","packed","coverage","warm","local_profiled_host_wall_mean_ms","4.840830000000278","20","AI_PNG_BLIT_ISOLATION_LOCAL_2026-10-03.json","800","","","","3"
"isolation","packed","long_comparison","first","local_profiled_host_wall_ms","14.196300000003248","1","AI_PNG_BLIT_ISOLATION_LOCAL_2026-10-03.json","800","","","","3"
"isolation","packed","long_comparison","warm","local_profiled_host_wall_mean_ms","3.9405699999999344","20","AI_PNG_BLIT_ISOLATION_LOCAL_2026-10-03.json","800","","","","3"
"isolation","packed","long","first","local_profiled_host_wall_ms","15.749000000003434","1","AI_PNG_BLIT_ISOLATION_LOCAL_2026-10-03.json","800","","","","3"
"isolation","packed","long","warm","local_profiled_host_wall_mean_ms","4.205725000000166","20","AI_PNG_BLIT_ISOLATION_LOCAL_2026-10-03.json","800","","","","3"
"isolation","packed","comparison","first","local_profiled_host_wall_ms","12.687200000000303","1","AI_PNG_BLIT_ISOLATION_LOCAL_2026-10-03.json","800","","","","3"
"isolation","packed","comparison","warm","local_profiled_host_wall_mean_ms","3.5563349999996716","20","AI_PNG_BLIT_ISOLATION_LOCAL_2026-10-03.json","800","","","","3"
"isolation","packed","expression","first","local_profiled_host_wall_ms","14.633399999998801","1","AI_PNG_BLIT_ISOLATION_LOCAL_2026-10-03.json","800","","","","3"
"isolation","packed","expression","warm","local_profiled_host_wall_mean_ms","4.026305000000866","20","AI_PNG_BLIT_ISOLATION_LOCAL_2026-10-03.json","800","","","","3"
"crc","scalar","expression","first","local_profiled_host_wall_ms","23.280499999999847","1","AI_PNG_BLIT_CRC_LOCAL_2026-10-03.json","800","","","","0"
"crc","scalar","expression","warm","local_profiled_host_wall_mean_ms","4.700929999999971","20","AI_PNG_BLIT_CRC_LOCAL_2026-10-03.json","800","","","","0"
"crc","scalar","comparison","first","local_profiled_host_wall_ms","12.898699999999735","1","AI_PNG_BLIT_CRC_LOCAL_2026-10-03.json","800","","","","0"
"crc","scalar","comparison","warm","local_profiled_host_wall_mean_ms","3.8924999999999725","20","AI_PNG_BLIT_CRC_LOCAL_2026-10-03.json","800","","","","0"
"crc","scalar","long","first","local_profiled_host_wall_ms","13.91150000000016","1","AI_PNG_BLIT_CRC_LOCAL_2026-10-03.json","800","","","","0"
"crc","scalar","long","warm","local_profiled_host_wall_mean_ms","4.529505000000017","20","AI_PNG_BLIT_CRC_LOCAL_2026-10-03.json","800","","","","0"
"crc","scalar","long_comparison","first","local_profiled_host_wall_ms","14.802200000000084","1","AI_PNG_BLIT_CRC_LOCAL_2026-10-03.json","800","","","","0"
"crc","scalar","long_comparison","warm","local_profiled_host_wall_mean_ms","4.591500000000042","20","AI_PNG_BLIT_CRC_LOCAL_2026-10-03.json","800","","","","0"
"crc","scalar","coverage","first","local_profiled_host_wall_ms","16.515299999999115","1","AI_PNG_BLIT_CRC_LOCAL_2026-10-03.json","800","","","","0"
"crc","scalar","coverage","warm","local_profiled_host_wall_mean_ms","4.831140000000142","20","AI_PNG_BLIT_CRC_LOCAL_2026-10-03.json","800","","","","0"
"crc","scalar","expression","first","local_profiled_host_wall_ms","12.502300000000105","1","AI_PNG_BLIT_CRC_LOCAL_2026-10-03.json","720","","","","0"
"crc","scalar","expression","warm","local_profiled_host_wall_mean_ms","3.9746600000001306","20","AI_PNG_BLIT_CRC_LOCAL_2026-10-03.json","720","","","","0"
"crc","scalar","comparison","first","local_profiled_host_wall_ms","11.161400000000867","1","AI_PNG_BLIT_CRC_LOCAL_2026-10-03.json","720","","","","0"
"crc","scalar","comparison","warm","local_profiled_host_wall_mean_ms","3.7178900000001702","20","AI_PNG_BLIT_CRC_LOCAL_2026-10-03.json","720","","","","0"
"crc","scalar","long","first","local_profiled_host_wall_ms","13.68369999999959","1","AI_PNG_BLIT_CRC_LOCAL_2026-10-03.json","720","","","","0"
"crc","scalar","long","warm","local_profiled_host_wall_mean_ms","4.529759999999987","20","AI_PNG_BLIT_CRC_LOCAL_2026-10-03.json","720","","","","0"
"crc","scalar","long_comparison","first","local_profiled_host_wall_ms","15.656499999999141","1","AI_PNG_BLIT_CRC_LOCAL_2026-10-03.json","720","","","","0"
"crc","scalar","long_comparison","warm","local_profiled_host_wall_mean_ms","4.475720000000092","20","AI_PNG_BLIT_CRC_LOCAL_2026-10-03.json","720","","","","0"
"crc","scalar","coverage","first","local_profiled_host_wall_ms","18.024600000000646","1","AI_PNG_BLIT_CRC_LOCAL_2026-10-03.json","720","","","","0"
"crc","scalar","coverage","warm","local_profiled_host_wall_mean_ms","4.937885000000188","20","AI_PNG_BLIT_CRC_LOCAL_2026-10-03.json","720","","","","0"
"crc","scalar","coverage","first","local_profiled_host_wall_ms","15.230200000001787","1","AI_PNG_BLIT_CRC_LOCAL_2026-10-03.json","720","","","","1"
"crc","scalar","coverage","warm","local_profiled_host_wall_mean_ms","4.066754999999648","20","AI_PNG_BLIT_CRC_LOCAL_2026-10-03.json","720","","","","1"
"crc","scalar","long_comparison","first","local_profiled_host_wall_ms","13.362999999997555","1","AI_PNG_BLIT_CRC_LOCAL_2026-10-03.json","720","","","","1"
"crc","scalar","long_comparison","warm","local_profiled_host_wall_mean_ms","4.332695000000603","20","AI_PNG_BLIT_CRC_LOCAL_2026-10-03.json","720","","","","1"
"crc","scalar","long","first","local_profiled_host_wall_ms","13.780600000001868","1","AI_PNG_BLIT_CRC_LOCAL_2026-10-03.json","720","","","","1"
"crc","scalar","long","warm","local_profiled_host_wall_mean_ms","4.2044400000002495","20","AI_PNG_BLIT_CRC_LOCAL_2026-10-03.json","720","","","","1"
"crc","scalar","comparison","first","local_profiled_host_wall_ms","13.859199999998964","1","AI_PNG_BLIT_CRC_LOCAL_2026-10-03.json","720","","","","1"
"crc","scalar","comparison","warm","local_profiled_host_wall_mean_ms","3.5705049999998666","20","AI_PNG_BLIT_CRC_LOCAL_2026-10-03.json","720","","","","1"
"crc","scalar","expression","first","local_profiled_host_wall_ms","12.600000000002183","1","AI_PNG_BLIT_CRC_LOCAL_2026-10-03.json","720","","","","1"
"crc","scalar","expression","warm","local_profiled_host_wall_mean_ms","4.081764999999541","20","AI_PNG_BLIT_CRC_LOCAL_2026-10-03.json","720","","","","1"
"crc","scalar","coverage","first","local_profiled_host_wall_ms","16.04819999999745","1","AI_PNG_BLIT_CRC_LOCAL_2026-10-03.json","800","","","","1"
"crc","scalar","coverage","warm","local_profiled_host_wall_mean_ms","4.619744999999966","20","AI_PNG_BLIT_CRC_LOCAL_2026-10-03.json","800","","","","1"
"crc","scalar","long_comparison","first","local_profiled_host_wall_ms","14.241500000000087","1","AI_PNG_BLIT_CRC_LOCAL_2026-10-03.json","800","","","","1"
"crc","scalar","long_comparison","warm","local_profiled_host_wall_mean_ms","3.9928500000001805","20","AI_PNG_BLIT_CRC_LOCAL_2026-10-03.json","800","","","","1"
"crc","scalar","long","first","local_profiled_host_wall_ms","13.190300000002026","1","AI_PNG_BLIT_CRC_LOCAL_2026-10-03.json","800","","","","1"
"crc","scalar","long","warm","local_profiled_host_wall_mean_ms","4.570250000000124","20","AI_PNG_BLIT_CRC_LOCAL_2026-10-03.json","800","","","","1"
"crc","scalar","comparison","first","local_profiled_host_wall_ms","13.32890000000043","1","AI_PNG_BLIT_CRC_LOCAL_2026-10-03.json","800","","","","1"
"crc","scalar","comparison","warm","local_profiled_host_wall_mean_ms","4.2268250000002805","20","AI_PNG_BLIT_CRC_LOCAL_2026-10-03.json","800","","","","1"
"crc","scalar","expression","first","local_profiled_host_wall_ms","13.945599999999104","1","AI_PNG_BLIT_CRC_LOCAL_2026-10-03.json","800","","","","1"
"crc","scalar","expression","warm","local_profiled_host_wall_mean_ms","4.301300000000628","20","AI_PNG_BLIT_CRC_LOCAL_2026-10-03.json","800","","","","1"
"crc","scalar","expression","first","local_profiled_host_wall_ms","14.628200000002835","1","AI_PNG_BLIT_CRC_LOCAL_2026-10-03.json","800","","","","2"
"crc","scalar","expression","warm","local_profiled_host_wall_mean_ms","4.3666250000003854","20","AI_PNG_BLIT_CRC_LOCAL_2026-10-03.json","800","","","","2"
"crc","scalar","comparison","first","local_profiled_host_wall_ms","12.426500000001397","1","AI_PNG_BLIT_CRC_LOCAL_2026-10-03.json","800","","","","2"
"crc","scalar","comparison","warm","local_profiled_host_wall_mean_ms","3.9708849999995435","20","AI_PNG_BLIT_CRC_LOCAL_2026-10-03.json","800","","","","2"
"crc","scalar","long","first","local_profiled_host_wall_ms","12.028699999995297","1","AI_PNG_BLIT_CRC_LOCAL_2026-10-03.json","800","","","","2"
"crc","scalar","long","warm","local_profiled_host_wall_mean_ms","5.428984999999375","20","AI_PNG_BLIT_CRC_LOCAL_2026-10-03.json","800","","","","2"
"crc","scalar","long_comparison","first","local_profiled_host_wall_ms","12.829200000000128","1","AI_PNG_BLIT_CRC_LOCAL_2026-10-03.json","800","","","","2"
"crc","scalar","long_comparison","warm","local_profiled_host_wall_mean_ms","5.1484350000006085","20","AI_PNG_BLIT_CRC_LOCAL_2026-10-03.json","800","","","","2"
"crc","scalar","coverage","first","local_profiled_host_wall_ms","15.991400000006252","1","AI_PNG_BLIT_CRC_LOCAL_2026-10-03.json","800","","","","2"
"crc","scalar","coverage","warm","local_profiled_host_wall_mean_ms","4.863290000000779","20","AI_PNG_BLIT_CRC_LOCAL_2026-10-03.json","800","","","","2"
"crc","scalar","expression","first","local_profiled_host_wall_ms","14.8012000000017","1","AI_PNG_BLIT_CRC_LOCAL_2026-10-03.json","720","","","","2"
"crc","scalar","expression","warm","local_profiled_host_wall_mean_ms","4.1691950000004","20","AI_PNG_BLIT_CRC_LOCAL_2026-10-03.json","720","","","","2"
"crc","scalar","comparison","first","local_profiled_host_wall_ms","11.855199999998149","1","AI_PNG_BLIT_CRC_LOCAL_2026-10-03.json","720","","","","2"
"crc","scalar","comparison","warm","local_profiled_host_wall_mean_ms","3.9013249999999973","20","AI_PNG_BLIT_CRC_LOCAL_2026-10-03.json","720","","","","2"
"crc","scalar","long","first","local_profiled_host_wall_ms","13.12840000000142","1","AI_PNG_BLIT_CRC_LOCAL_2026-10-03.json","720","","","","2"
"crc","scalar","long","warm","local_profiled_host_wall_mean_ms","3.896769999999742","20","AI_PNG_BLIT_CRC_LOCAL_2026-10-03.json","720","","","","2"
"crc","scalar","long_comparison","first","local_profiled_host_wall_ms","14.686600000000908","1","AI_PNG_BLIT_CRC_LOCAL_2026-10-03.json","720","","","","2"
"crc","scalar","long_comparison","warm","local_profiled_host_wall_mean_ms","4.2996000000006465","20","AI_PNG_BLIT_CRC_LOCAL_2026-10-03.json","720","","","","2"
"crc","scalar","coverage","first","local_profiled_host_wall_ms","15.053500000001804","1","AI_PNG_BLIT_CRC_LOCAL_2026-10-03.json","720","","","","2"
"crc","scalar","coverage","warm","local_profiled_host_wall_mean_ms","4.425674999999683","20","AI_PNG_BLIT_CRC_LOCAL_2026-10-03.json","720","","","","2"
"crc","scalar","coverage","first","local_profiled_host_wall_ms","14.186699999998382","1","AI_PNG_BLIT_CRC_LOCAL_2026-10-03.json","720","","","","3"
"crc","scalar","coverage","warm","local_profiled_host_wall_mean_ms","4.377319999999235","20","AI_PNG_BLIT_CRC_LOCAL_2026-10-03.json","720","","","","3"
"crc","scalar","long_comparison","first","local_profiled_host_wall_ms","14.95690000000468","1","AI_PNG_BLIT_CRC_LOCAL_2026-10-03.json","720","","","","3"
"crc","scalar","long_comparison","warm","local_profiled_host_wall_mean_ms","4.284700000000157","20","AI_PNG_BLIT_CRC_LOCAL_2026-10-03.json","720","","","","3"
"crc","scalar","long","first","local_profiled_host_wall_ms","12.294300000001385","1","AI_PNG_BLIT_CRC_LOCAL_2026-10-03.json","720","","","","3"
"crc","scalar","long","warm","local_profiled_host_wall_mean_ms","3.837725000001592","20","AI_PNG_BLIT_CRC_LOCAL_2026-10-03.json","720","","","","3"
"crc","scalar","comparison","first","local_profiled_host_wall_ms","13.017899999998917","1","AI_PNG_BLIT_CRC_LOCAL_2026-10-03.json","720","","","","3"
"crc","scalar","comparison","warm","local_profiled_host_wall_mean_ms","3.7175949999989824","20","AI_PNG_BLIT_CRC_LOCAL_2026-10-03.json","720","","","","3"
"crc","scalar","expression","first","local_profiled_host_wall_ms","12.427700000000186","1","AI_PNG_BLIT_CRC_LOCAL_2026-10-03.json","720","","","","3"
"crc","scalar","expression","warm","local_profiled_host_wall_mean_ms","3.981509999998889","20","AI_PNG_BLIT_CRC_LOCAL_2026-10-03.json","720","","","","3"
"crc","scalar","coverage","first","local_profiled_host_wall_ms","17.835500000001048","1","AI_PNG_BLIT_CRC_LOCAL_2026-10-03.json","800","","","","3"
"crc","scalar","coverage","warm","local_profiled_host_wall_mean_ms","4.737175000000207","20","AI_PNG_BLIT_CRC_LOCAL_2026-10-03.json","800","","","","3"
"crc","scalar","long_comparison","first","local_profiled_host_wall_ms","14.016299999995681","1","AI_PNG_BLIT_CRC_LOCAL_2026-10-03.json","800","","","","3"
"crc","scalar","long_comparison","warm","local_profiled_host_wall_mean_ms","4.113399999999819","20","AI_PNG_BLIT_CRC_LOCAL_2026-10-03.json","800","","","","3"
"crc","scalar","long","first","local_profiled_host_wall_ms","13.786999999996624","1","AI_PNG_BLIT_CRC_LOCAL_2026-10-03.json","800","","","","3"
"crc","scalar","long","warm","local_profiled_host_wall_mean_ms","4.575180000001273","20","AI_PNG_BLIT_CRC_LOCAL_2026-10-03.json","800","","","","3"
"crc","scalar","comparison","first","local_profiled_host_wall_ms","10.346599999997125","1","AI_PNG_BLIT_CRC_LOCAL_2026-10-03.json","800","","","","3"
"crc","scalar","comparison","warm","local_profiled_host_wall_mean_ms","3.6348100000002885","20","AI_PNG_BLIT_CRC_LOCAL_2026-10-03.json","800","","","","3"
"crc","scalar","expression","first","local_profiled_host_wall_ms","11.755199999999604","1","AI_PNG_BLIT_CRC_LOCAL_2026-10-03.json","800","","","","3"
"crc","scalar","expression","warm","local_profiled_host_wall_mean_ms","3.9402450000005045","20","AI_PNG_BLIT_CRC_LOCAL_2026-10-03.json","800","","","","3"
"crc","extracted","expression","first","local_profiled_host_wall_ms","13.781900000000405","1","AI_PNG_BLIT_CRC_LOCAL_2026-10-03.json","800","","","","0"
"crc","extracted","expression","warm","local_profiled_host_wall_mean_ms","4.314440000000014","20","AI_PNG_BLIT_CRC_LOCAL_2026-10-03.json","800","","","","0"
"crc","extracted","comparison","first","local_profiled_host_wall_ms","11.620499999999993","1","AI_PNG_BLIT_CRC_LOCAL_2026-10-03.json","800","","","","0"
"crc","extracted","comparison","warm","local_profiled_host_wall_mean_ms","3.932640000000083","20","AI_PNG_BLIT_CRC_LOCAL_2026-10-03.json","800","","","","0"
"crc","extracted","long","first","local_profiled_host_wall_ms","15.386900000000423","1","AI_PNG_BLIT_CRC_LOCAL_2026-10-03.json","800","","","","0"
"crc","extracted","long","warm","local_profiled_host_wall_mean_ms","4.829695000000084","20","AI_PNG_BLIT_CRC_LOCAL_2026-10-03.json","800","","","","0"
"crc","extracted","long_comparison","first","local_profiled_host_wall_ms","13.272899999999936","1","AI_PNG_BLIT_CRC_LOCAL_2026-10-03.json","800","","","","0"
"crc","extracted","long_comparison","warm","local_profiled_host_wall_mean_ms","4.6340249999999745","20","AI_PNG_BLIT_CRC_LOCAL_2026-10-03.json","800","","","","0"
"crc","extracted","coverage","first","local_profiled_host_wall_ms","14.396200000001045","1","AI_PNG_BLIT_CRC_LOCAL_2026-10-03.json","800","","","","0"
"crc","extracted","coverage","warm","local_profiled_host_wall_mean_ms","4.62582999999986","20","AI_PNG_BLIT_CRC_LOCAL_2026-10-03.json","800","","","","0"
"crc","extracted","expression","first","local_profiled_host_wall_ms","12.895000000000437","1","AI_PNG_BLIT_CRC_LOCAL_2026-10-03.json","720","","","","0"
"crc","extracted","expression","warm","local_profiled_host_wall_mean_ms","4.046610000000328","20","AI_PNG_BLIT_CRC_LOCAL_2026-10-03.json","720","","","","0"
"crc","extracted","comparison","first","local_profiled_host_wall_ms","10.229400000000169","1","AI_PNG_BLIT_CRC_LOCAL_2026-10-03.json","720","","","","0"
"crc","extracted","comparison","warm","local_profiled_host_wall_mean_ms","3.542815000000337","20","AI_PNG_BLIT_CRC_LOCAL_2026-10-03.json","720","","","","0"
"crc","extracted","long","first","local_profiled_host_wall_ms","12.416399999998248","1","AI_PNG_BLIT_CRC_LOCAL_2026-10-03.json","720","","","","0"
"crc","extracted","long","warm","local_profiled_host_wall_mean_ms","4.139935000000241","20","AI_PNG_BLIT_CRC_LOCAL_2026-10-03.json","720","","","","0"
"crc","extracted","long_comparison","first","local_profiled_host_wall_ms","14.184800000000905","1","AI_PNG_BLIT_CRC_LOCAL_2026-10-03.json","720","","","","0"
"crc","extracted","long_comparison","warm","local_profiled_host_wall_mean_ms","4.530924999999934","20","AI_PNG_BLIT_CRC_LOCAL_2026-10-03.json","720","","","","0"
"crc","extracted","coverage","first","local_profiled_host_wall_ms","14.228500000001077","1","AI_PNG_BLIT_CRC_LOCAL_2026-10-03.json","720","","","","0"
"crc","extracted","coverage","warm","local_profiled_host_wall_mean_ms","4.042364999999881","20","AI_PNG_BLIT_CRC_LOCAL_2026-10-03.json","720","","","","0"
"crc","extracted","coverage","first","local_profiled_host_wall_ms","13.926500000001397","1","AI_PNG_BLIT_CRC_LOCAL_2026-10-03.json","720","","","","1"
"crc","extracted","coverage","warm","local_profiled_host_wall_mean_ms","4.587850000000435","20","AI_PNG_BLIT_CRC_LOCAL_2026-10-03.json","720","","","","1"
"crc","extracted","long_comparison","first","local_profiled_host_wall_ms","13.983799999998155","1","AI_PNG_BLIT_CRC_LOCAL_2026-10-03.json","720","","","","1"
"crc","extracted","long_comparison","warm","local_profiled_host_wall_mean_ms","4.5028650000002015","20","AI_PNG_BLIT_CRC_LOCAL_2026-10-03.json","720","","","","1"
"crc","extracted","long","first","local_profiled_host_wall_ms","11.895799999998417","1","AI_PNG_BLIT_CRC_LOCAL_2026-10-03.json","720","","","","1"
"crc","extracted","long","warm","local_profiled_host_wall_mean_ms","4.262939999999617","20","AI_PNG_BLIT_CRC_LOCAL_2026-10-03.json","720","","","","1"
"crc","extracted","comparison","first","local_profiled_host_wall_ms","10.602100000000064","1","AI_PNG_BLIT_CRC_LOCAL_2026-10-03.json","720","","","","1"
"crc","extracted","comparison","warm","local_profiled_host_wall_mean_ms","3.293865000000005","20","AI_PNG_BLIT_CRC_LOCAL_2026-10-03.json","720","","","","1"
"crc","extracted","expression","first","local_profiled_host_wall_ms","11.40400000000227","1","AI_PNG_BLIT_CRC_LOCAL_2026-10-03.json","720","","","","1"
"crc","extracted","expression","warm","local_profiled_host_wall_mean_ms","4.223554999999942","20","AI_PNG_BLIT_CRC_LOCAL_2026-10-03.json","720","","","","1"
"crc","extracted","coverage","first","local_profiled_host_wall_ms","15.56039999999848","1","AI_PNG_BLIT_CRC_LOCAL_2026-10-03.json","800","","","","1"
"crc","extracted","coverage","warm","local_profiled_host_wall_mean_ms","4.427275000000191","20","AI_PNG_BLIT_CRC_LOCAL_2026-10-03.json","800","","","","1"
"crc","extracted","long_comparison","first","local_profiled_host_wall_ms","15.567699999999604","1","AI_PNG_BLIT_CRC_LOCAL_2026-10-03.json","800","","","","1"
"crc","extracted","long_comparison","warm","local_profiled_host_wall_mean_ms","5.285680000000321","20","AI_PNG_BLIT_CRC_LOCAL_2026-10-03.json","800","","","","1"
"crc","extracted","long","first","local_profiled_host_wall_ms","15.610899999999674","1","AI_PNG_BLIT_CRC_LOCAL_2026-10-03.json","800","","","","1"
"crc","extracted","long","warm","local_profiled_host_wall_mean_ms","4.8725499999998645","20","AI_PNG_BLIT_CRC_LOCAL_2026-10-03.json","800","","","","1"
"crc","extracted","comparison","first","local_profiled_host_wall_ms","13.689899999997579","1","AI_PNG_BLIT_CRC_LOCAL_2026-10-03.json","800","","","","1"
"crc","extracted","comparison","warm","local_profiled_host_wall_mean_ms","4.2337900000004085","20","AI_PNG_BLIT_CRC_LOCAL_2026-10-03.json","800","","","","1"
"crc","extracted","expression","first","local_profiled_host_wall_ms","13.833000000002357","1","AI_PNG_BLIT_CRC_LOCAL_2026-10-03.json","800","","","","1"
"crc","extracted","expression","warm","local_profiled_host_wall_mean_ms","3.9694750000002386","20","AI_PNG_BLIT_CRC_LOCAL_2026-10-03.json","800","","","","1"
"crc","extracted","expression","first","local_profiled_host_wall_ms","13.043799999999464","1","AI_PNG_BLIT_CRC_LOCAL_2026-10-03.json","800","","","","2"
"crc","extracted","expression","warm","local_profiled_host_wall_mean_ms","4.465284999999676","20","AI_PNG_BLIT_CRC_LOCAL_2026-10-03.json","800","","","","2"
"crc","extracted","comparison","first","local_profiled_host_wall_ms","11.346900000004098","1","AI_PNG_BLIT_CRC_LOCAL_2026-10-03.json","800","","","","2"
"crc","extracted","comparison","warm","local_profiled_host_wall_mean_ms","4.053700000000026","20","AI_PNG_BLIT_CRC_LOCAL_2026-10-03.json","800","","","","2"
"crc","extracted","long","first","local_profiled_host_wall_ms","11.95509999999922","1","AI_PNG_BLIT_CRC_LOCAL_2026-10-03.json","800","","","","2"
"crc","extracted","long","warm","local_profiled_host_wall_mean_ms","4.164094999999724","20","AI_PNG_BLIT_CRC_LOCAL_2026-10-03.json","800","","","","2"
"crc","extracted","long_comparison","first","local_profiled_host_wall_ms","13.263499999993655","1","AI_PNG_BLIT_CRC_LOCAL_2026-10-03.json","800","","","","2"
"crc","extracted","long_comparison","warm","local_profiled_host_wall_mean_ms","4.67661999999982","20","AI_PNG_BLIT_CRC_LOCAL_2026-10-03.json","800","","","","2"
"crc","extracted","coverage","first","local_profiled_host_wall_ms","16.504000000000815","1","AI_PNG_BLIT_CRC_LOCAL_2026-10-03.json","800","","","","2"
"crc","extracted","coverage","warm","local_profiled_host_wall_mean_ms","4.89571999999971","20","AI_PNG_BLIT_CRC_LOCAL_2026-10-03.json","800","","","","2"
"crc","extracted","expression","first","local_profiled_host_wall_ms","13.18630000000121","1","AI_PNG_BLIT_CRC_LOCAL_2026-10-03.json","720","","","","2"
"crc","extracted","expression","warm","local_profiled_host_wall_mean_ms","4.297790000000168","20","AI_PNG_BLIT_CRC_LOCAL_2026-10-03.json","720","","","","2"
"crc","extracted","comparison","first","local_profiled_host_wall_ms","10.10000000000582","1","AI_PNG_BLIT_CRC_LOCAL_2026-10-03.json","720","","","","2"
"crc","extracted","comparison","warm","local_profiled_host_wall_mean_ms","3.813684999999168","20","AI_PNG_BLIT_CRC_LOCAL_2026-10-03.json","720","","","","2"
"crc","extracted","long","first","local_profiled_host_wall_ms","11.40400000000227","1","AI_PNG_BLIT_CRC_LOCAL_2026-10-03.json","720","","","","2"
"crc","extracted","long","warm","local_profiled_host_wall_mean_ms","4.6791799999999055","20","AI_PNG_BLIT_CRC_LOCAL_2026-10-03.json","720","","","","2"
"crc","extracted","long_comparison","first","local_profiled_host_wall_ms","13.542200000003504","1","AI_PNG_BLIT_CRC_LOCAL_2026-10-03.json","720","","","","2"
"crc","extracted","long_comparison","warm","local_profiled_host_wall_mean_ms","4.1758099999999105","20","AI_PNG_BLIT_CRC_LOCAL_2026-10-03.json","720","","","","2"
"crc","extracted","coverage","first","local_profiled_host_wall_ms","15.977700000003097","1","AI_PNG_BLIT_CRC_LOCAL_2026-10-03.json","720","","","","2"
"crc","extracted","coverage","warm","local_profiled_host_wall_mean_ms","4.248694999999134","20","AI_PNG_BLIT_CRC_LOCAL_2026-10-03.json","720","","","","2"
"crc","extracted","coverage","first","local_profiled_host_wall_ms","16.09389999999985","1","AI_PNG_BLIT_CRC_LOCAL_2026-10-03.json","720","","","","3"
"crc","extracted","coverage","warm","local_profiled_host_wall_mean_ms","4.5263700000006795","20","AI_PNG_BLIT_CRC_LOCAL_2026-10-03.json","720","","","","3"
"crc","extracted","long_comparison","first","local_profiled_host_wall_ms","11.25630000000092","1","AI_PNG_BLIT_CRC_LOCAL_2026-10-03.json","720","","","","3"
"crc","extracted","long_comparison","warm","local_profiled_host_wall_mean_ms","4.272945000000982","20","AI_PNG_BLIT_CRC_LOCAL_2026-10-03.json","720","","","","3"
"crc","extracted","long","first","local_profiled_host_wall_ms","11.191599999998289","1","AI_PNG_BLIT_CRC_LOCAL_2026-10-03.json","720","","","","3"
"crc","extracted","long","warm","local_profiled_host_wall_mean_ms","4.2653700000002575","20","AI_PNG_BLIT_CRC_LOCAL_2026-10-03.json","720","","","","3"
"crc","extracted","comparison","first","local_profiled_host_wall_ms","11.025799999995797","1","AI_PNG_BLIT_CRC_LOCAL_2026-10-03.json","720","","","","3"
"crc","extracted","comparison","warm","local_profiled_host_wall_mean_ms","3.3877750000006928","20","AI_PNG_BLIT_CRC_LOCAL_2026-10-03.json","720","","","","3"
"crc","extracted","expression","first","local_profiled_host_wall_ms","12.096299999997427","1","AI_PNG_BLIT_CRC_LOCAL_2026-10-03.json","720","","","","3"
"crc","extracted","expression","warm","local_profiled_host_wall_mean_ms","3.5224999999998543","20","AI_PNG_BLIT_CRC_LOCAL_2026-10-03.json","720","","","","3"
"crc","extracted","coverage","first","local_profiled_host_wall_ms","14.84769999999844","1","AI_PNG_BLIT_CRC_LOCAL_2026-10-03.json","800","","","","3"
"crc","extracted","coverage","warm","local_profiled_host_wall_mean_ms","4.36629000000139","20","AI_PNG_BLIT_CRC_LOCAL_2026-10-03.json","800","","","","3"
"crc","extracted","long_comparison","first","local_profiled_host_wall_ms","13.515599999998813","1","AI_PNG_BLIT_CRC_LOCAL_2026-10-03.json","800","","","","3"
"crc","extracted","long_comparison","warm","local_profiled_host_wall_mean_ms","4.273200000001088","20","AI_PNG_BLIT_CRC_LOCAL_2026-10-03.json","800","","","","3"
"crc","extracted","long","first","local_profiled_host_wall_ms","14.230999999999767","1","AI_PNG_BLIT_CRC_LOCAL_2026-10-03.json","800","","","","3"
"crc","extracted","long","warm","local_profiled_host_wall_mean_ms","3.8411299999999757","20","AI_PNG_BLIT_CRC_LOCAL_2026-10-03.json","800","","","","3"
"crc","extracted","comparison","first","local_profiled_host_wall_ms","13.367999999994936","1","AI_PNG_BLIT_CRC_LOCAL_2026-10-03.json","800","","","","3"
"crc","extracted","comparison","warm","local_profiled_host_wall_mean_ms","3.9029200000004494","20","AI_PNG_BLIT_CRC_LOCAL_2026-10-03.json","800","","","","3"
"crc","extracted","expression","first","local_profiled_host_wall_ms","12.027600000001257","1","AI_PNG_BLIT_CRC_LOCAL_2026-10-03.json","800","","","","3"
"crc","extracted","expression","warm","local_profiled_host_wall_mean_ms","4.4101300000005725","20","AI_PNG_BLIT_CRC_LOCAL_2026-10-03.json","800","","","","3"
"crc","native","expression","first","local_profiled_host_wall_ms","13.616999999999734","1","AI_PNG_BLIT_CRC_LOCAL_2026-10-03.json","800","","","","0"
"crc","native","expression","warm","local_profiled_host_wall_mean_ms","4.0513249999999745","20","AI_PNG_BLIT_CRC_LOCAL_2026-10-03.json","800","","","","0"
"crc","native","comparison","first","local_profiled_host_wall_ms","10.426500000000487","1","AI_PNG_BLIT_CRC_LOCAL_2026-10-03.json","800","","","","0"
"crc","native","comparison","warm","local_profiled_host_wall_mean_ms","3.9385799999999564","20","AI_PNG_BLIT_CRC_LOCAL_2026-10-03.json","800","","","","0"
"crc","native","long","first","local_profiled_host_wall_ms","12.143600000000333","1","AI_PNG_BLIT_CRC_LOCAL_2026-10-03.json","800","","","","0"
"crc","native","long","warm","local_profiled_host_wall_mean_ms","4.330584999999838","20","AI_PNG_BLIT_CRC_LOCAL_2026-10-03.json","800","","","","0"
"crc","native","long_comparison","first","local_profiled_host_wall_ms","13.290200000000368","1","AI_PNG_BLIT_CRC_LOCAL_2026-10-03.json","800","","","","0"
"crc","native","long_comparison","warm","local_profiled_host_wall_mean_ms","4.117374999999856","20","AI_PNG_BLIT_CRC_LOCAL_2026-10-03.json","800","","","","0"
"crc","native","coverage","first","local_profiled_host_wall_ms","13.913500000000568","1","AI_PNG_BLIT_CRC_LOCAL_2026-10-03.json","800","","","","0"
"crc","native","coverage","warm","local_profiled_host_wall_mean_ms","4.631520000000364","20","AI_PNG_BLIT_CRC_LOCAL_2026-10-03.json","800","","","","0"
"crc","native","expression","first","local_profiled_host_wall_ms","10.875700000000506","1","AI_PNG_BLIT_CRC_LOCAL_2026-10-03.json","720","","","","0"
"crc","native","expression","warm","local_profiled_host_wall_mean_ms","4.095900000000074","20","AI_PNG_BLIT_CRC_LOCAL_2026-10-03.json","720","","","","0"
"crc","native","comparison","first","local_profiled_host_wall_ms","11.407899999998335","1","AI_PNG_BLIT_CRC_LOCAL_2026-10-03.json","720","","","","0"
"crc","native","comparison","warm","local_profiled_host_wall_mean_ms","3.2429000000001906","20","AI_PNG_BLIT_CRC_LOCAL_2026-10-03.json","720","","","","0"
"crc","native","long","first","local_profiled_host_wall_ms","12.518600000001243","1","AI_PNG_BLIT_CRC_LOCAL_2026-10-03.json","720","","","","0"
"crc","native","long","warm","local_profiled_host_wall_mean_ms","5.45917500000005","20","AI_PNG_BLIT_CRC_LOCAL_2026-10-03.json","720","","","","0"
"crc","native","long_comparison","first","local_profiled_host_wall_ms","11.535400000000664","1","AI_PNG_BLIT_CRC_LOCAL_2026-10-03.json","720","","","","0"
"crc","native","long_comparison","warm","local_profiled_host_wall_mean_ms","4.7479099999997745","20","AI_PNG_BLIT_CRC_LOCAL_2026-10-03.json","720","","","","0"
"crc","native","coverage","first","local_profiled_host_wall_ms","13.58429999999862","1","AI_PNG_BLIT_CRC_LOCAL_2026-10-03.json","720","","","","0"
"crc","native","coverage","warm","local_profiled_host_wall_mean_ms","4.357479999999486","20","AI_PNG_BLIT_CRC_LOCAL_2026-10-03.json","720","","","","0"
"crc","native","coverage","first","local_profiled_host_wall_ms","14.401300000001356","1","AI_PNG_BLIT_CRC_LOCAL_2026-10-03.json","720","","","","1"
"crc","native","coverage","warm","local_profiled_host_wall_mean_ms","4.280790000000525","20","AI_PNG_BLIT_CRC_LOCAL_2026-10-03.json","720","","","","1"
"crc","native","long_comparison","first","local_profiled_host_wall_ms","10.390400000000227","1","AI_PNG_BLIT_CRC_LOCAL_2026-10-03.json","720","","","","1"
"crc","native","long_comparison","warm","local_profiled_host_wall_mean_ms","4.605205000000206","20","AI_PNG_BLIT_CRC_LOCAL_2026-10-03.json","720","","","","1"
"crc","native","long","first","local_profiled_host_wall_ms","12.196399999997084","1","AI_PNG_BLIT_CRC_LOCAL_2026-10-03.json","720","","","","1"
"crc","native","long","warm","local_profiled_host_wall_mean_ms","4.406624999999804","20","AI_PNG_BLIT_CRC_LOCAL_2026-10-03.json","720","","","","1"
"crc","native","comparison","first","local_profiled_host_wall_ms","9.937900000000809","1","AI_PNG_BLIT_CRC_LOCAL_2026-10-03.json","720","","","","1"
"crc","native","comparison","warm","local_profiled_host_wall_mean_ms","3.5186449999993785","20","AI_PNG_BLIT_CRC_LOCAL_2026-10-03.json","720","","","","1"
"crc","native","expression","first","local_profiled_host_wall_ms","9.66189999999915","1","AI_PNG_BLIT_CRC_LOCAL_2026-10-03.json","720","","","","1"
"crc","native","expression","warm","local_profiled_host_wall_mean_ms","4.004924999999821","20","AI_PNG_BLIT_CRC_LOCAL_2026-10-03.json","720","","","","1"
"crc","native","coverage","first","local_profiled_host_wall_ms","14.702299999997194","1","AI_PNG_BLIT_CRC_LOCAL_2026-10-03.json","800","","","","1"
"crc","native","coverage","warm","local_profiled_host_wall_mean_ms","4.5159599999993585","20","AI_PNG_BLIT_CRC_LOCAL_2026-10-03.json","800","","","","1"
"crc","native","long_comparison","first","local_profiled_host_wall_ms","14.580799999999726","1","AI_PNG_BLIT_CRC_LOCAL_2026-10-03.json","800","","","","1"
"crc","native","long_comparison","warm","local_profiled_host_wall_mean_ms","6.699984999999652","20","AI_PNG_BLIT_CRC_LOCAL_2026-10-03.json","800","","","","1"
"crc","native","long","first","local_profiled_host_wall_ms","13.002000000000407","1","AI_PNG_BLIT_CRC_LOCAL_2026-10-03.json","800","","","","1"
"crc","native","long","warm","local_profiled_host_wall_mean_ms","4.351570000000356","20","AI_PNG_BLIT_CRC_LOCAL_2026-10-03.json","800","","","","1"
"crc","native","comparison","first","local_profiled_host_wall_ms","12.30029999999897","1","AI_PNG_BLIT_CRC_LOCAL_2026-10-03.json","800","","","","1"
"crc","native","comparison","warm","local_profiled_host_wall_mean_ms","4.353564999999799","20","AI_PNG_BLIT_CRC_LOCAL_2026-10-03.json","800","","","","1"
"crc","native","expression","first","local_profiled_host_wall_ms","16.016600000002654","1","AI_PNG_BLIT_CRC_LOCAL_2026-10-03.json","800","","","","1"
"crc","native","expression","warm","local_profiled_host_wall_mean_ms","4.481680000000415","20","AI_PNG_BLIT_CRC_LOCAL_2026-10-03.json","800","","","","1"
"crc","native","expression","first","local_profiled_host_wall_ms","11.742000000002008","1","AI_PNG_BLIT_CRC_LOCAL_2026-10-03.json","800","","","","2"
"crc","native","expression","warm","local_profiled_host_wall_mean_ms","4.612509999999565","20","AI_PNG_BLIT_CRC_LOCAL_2026-10-03.json","800","","","","2"
"crc","native","comparison","first","local_profiled_host_wall_ms","11.43449999999575","1","AI_PNG_BLIT_CRC_LOCAL_2026-10-03.json","800","","","","2"
"crc","native","comparison","warm","local_profiled_host_wall_mean_ms","3.910599999999249","20","AI_PNG_BLIT_CRC_LOCAL_2026-10-03.json","800","","","","2"
"crc","native","long","first","local_profiled_host_wall_ms","13.140599999998813","1","AI_PNG_BLIT_CRC_LOCAL_2026-10-03.json","800","","","","2"
"crc","native","long","warm","local_profiled_host_wall_mean_ms","4.12197999999953","20","AI_PNG_BLIT_CRC_LOCAL_2026-10-03.json","800","","","","2"
"crc","native","long_comparison","first","local_profiled_host_wall_ms","11.915500000002794","1","AI_PNG_BLIT_CRC_LOCAL_2026-10-03.json","800","","","","2"
"crc","native","long_comparison","warm","local_profiled_host_wall_mean_ms","4.506915000000663","20","AI_PNG_BLIT_CRC_LOCAL_2026-10-03.json","800","","","","2"
"crc","native","coverage","first","local_profiled_host_wall_ms","14.77850000000035","1","AI_PNG_BLIT_CRC_LOCAL_2026-10-03.json","800","","","","2"
"crc","native","coverage","warm","local_profiled_host_wall_mean_ms","4.583559999999852","20","AI_PNG_BLIT_CRC_LOCAL_2026-10-03.json","800","","","","2"
"crc","native","expression","first","local_profiled_host_wall_ms","11.217899999996007","1","AI_PNG_BLIT_CRC_LOCAL_2026-10-03.json","720","","","","2"
"crc","native","expression","warm","local_profiled_host_wall_mean_ms","3.5251249999997527","20","AI_PNG_BLIT_CRC_LOCAL_2026-10-03.json","720","","","","2"
"crc","native","comparison","first","local_profiled_host_wall_ms","12.061199999996461","1","AI_PNG_BLIT_CRC_LOCAL_2026-10-03.json","720","","","","2"
"crc","native","comparison","warm","local_profiled_host_wall_mean_ms","3.443705000000773","20","AI_PNG_BLIT_CRC_LOCAL_2026-10-03.json","720","","","","2"
"crc","native","long","first","local_profiled_host_wall_ms","11.646399999997811","1","AI_PNG_BLIT_CRC_LOCAL_2026-10-03.json","720","","","","2"
"crc","native","long","warm","local_profiled_host_wall_mean_ms","4.538294999999925","20","AI_PNG_BLIT_CRC_LOCAL_2026-10-03.json","720","","","","2"
"crc","native","long_comparison","first","local_profiled_host_wall_ms","13.63459999999759","1","AI_PNG_BLIT_CRC_LOCAL_2026-10-03.json","720","","","","2"
"crc","native","long_comparison","warm","local_profiled_host_wall_mean_ms","4.614380000000165","20","AI_PNG_BLIT_CRC_LOCAL_2026-10-03.json","720","","","","2"
"crc","native","coverage","first","local_profiled_host_wall_ms","14.324400000004971","1","AI_PNG_BLIT_CRC_LOCAL_2026-10-03.json","720","","","","2"
"crc","native","coverage","warm","local_profiled_host_wall_mean_ms","4.505724999999439","20","AI_PNG_BLIT_CRC_LOCAL_2026-10-03.json","720","","","","2"
"crc","native","coverage","first","local_profiled_host_wall_ms","14.507200000000012","1","AI_PNG_BLIT_CRC_LOCAL_2026-10-03.json","720","","","","3"
"crc","native","coverage","warm","local_profiled_host_wall_mean_ms","4.742160000000149","20","AI_PNG_BLIT_CRC_LOCAL_2026-10-03.json","720","","","","3"
"crc","native","long_comparison","first","local_profiled_host_wall_ms","13.812299999997776","1","AI_PNG_BLIT_CRC_LOCAL_2026-10-03.json","720","","","","3"
"crc","native","long_comparison","warm","local_profiled_host_wall_mean_ms","4.9948149999992895","20","AI_PNG_BLIT_CRC_LOCAL_2026-10-03.json","720","","","","3"
"crc","native","long","first","local_profiled_host_wall_ms","10.983800000001793","1","AI_PNG_BLIT_CRC_LOCAL_2026-10-03.json","720","","","","3"
"crc","native","long","warm","local_profiled_host_wall_mean_ms","4.11997500000034","20","AI_PNG_BLIT_CRC_LOCAL_2026-10-03.json","720","","","","3"
"crc","native","comparison","first","local_profiled_host_wall_ms","15.05159999999887","1","AI_PNG_BLIT_CRC_LOCAL_2026-10-03.json","720","","","","3"
"crc","native","comparison","warm","local_profiled_host_wall_mean_ms","4.023010000000795","20","AI_PNG_BLIT_CRC_LOCAL_2026-10-03.json","720","","","","3"
"crc","native","expression","first","local_profiled_host_wall_ms","9.850899999997637","1","AI_PNG_BLIT_CRC_LOCAL_2026-10-03.json","720","","","","3"
"crc","native","expression","warm","local_profiled_host_wall_mean_ms","3.377474999999322","20","AI_PNG_BLIT_CRC_LOCAL_2026-10-03.json","720","","","","3"
"crc","native","coverage","first","local_profiled_host_wall_ms","13.845099999998638","1","AI_PNG_BLIT_CRC_LOCAL_2026-10-03.json","800","","","","3"
"crc","native","coverage","warm","local_profiled_host_wall_mean_ms","4.269989999999962","20","AI_PNG_BLIT_CRC_LOCAL_2026-10-03.json","800","","","","3"
"crc","native","long_comparison","first","local_profiled_host_wall_ms","13.31409999999596","1","AI_PNG_BLIT_CRC_LOCAL_2026-10-03.json","800","","","","3"
"crc","native","long_comparison","warm","local_profiled_host_wall_mean_ms","4.1690549999999345","20","AI_PNG_BLIT_CRC_LOCAL_2026-10-03.json","800","","","","3"
"crc","native","long","first","local_profiled_host_wall_ms","12.9629999999961","1","AI_PNG_BLIT_CRC_LOCAL_2026-10-03.json","800","","","","3"
"crc","native","long","warm","local_profiled_host_wall_mean_ms","4.057299999999668","20","AI_PNG_BLIT_CRC_LOCAL_2026-10-03.json","800","","","","3"
"crc","native","comparison","first","local_profiled_host_wall_ms","9.976699999999255","1","AI_PNG_BLIT_CRC_LOCAL_2026-10-03.json","800","","","","3"
"crc","native","comparison","warm","local_profiled_host_wall_mean_ms","3.626195000000371","20","AI_PNG_BLIT_CRC_LOCAL_2026-10-03.json","800","","","","3"
"crc","native","expression","first","local_profiled_host_wall_ms","14.264200000005076","1","AI_PNG_BLIT_CRC_LOCAL_2026-10-03.json","800","","","","3"
"crc","native","expression","warm","local_profiled_host_wall_mean_ms","3.6130849999997734","20","AI_PNG_BLIT_CRC_LOCAL_2026-10-03.json","800","","","","3"
"layout_reuse","plan","expression","plan","local_process_cpu_mean_ms","0.48","100","AI_PNG_ATLAS_ASSEMBLY_PROFILE_2026-10-02.json","","","","",""
"layout_reuse","unpack_and_validate","expression","unpack_and_validate","local_process_cpu_mean_ms","0.31","100","AI_PNG_ATLAS_ASSEMBLY_PROFILE_2026-10-02.json","","","","",""
"layout_reuse","merge","expression","merge","local_process_cpu_mean_ms","0.16","100","AI_PNG_ATLAS_ASSEMBLY_PROFILE_2026-10-02.json","","","","",""
"layout_reuse","paint","expression","paint","local_process_cpu_mean_ms","0.31","100","AI_PNG_ATLAS_ASSEMBLY_PROFILE_2026-10-02.json","","","","",""
"layout_reuse","deflate","expression","deflate","local_process_cpu_mean_ms","0.94","100","AI_PNG_ATLAS_ASSEMBLY_PROFILE_2026-10-02.json","","","","",""
"layout_reuse","pack_and_validate_png","expression","pack_and_validate_png","local_process_cpu_mean_ms","0.15","100","AI_PNG_ATLAS_ASSEMBLY_PROFILE_2026-10-02.json","","","","",""
"layout_reuse","assembly_duplicate_layout","expression","assembly_duplicate_layout","local_process_cpu_mean_ms","2.34","100","AI_PNG_ATLAS_ASSEMBLY_PROFILE_2026-10-02.json","","","","",""
"layout_reuse","assembly_reuse_layout","expression","assembly_reuse_layout","local_process_cpu_mean_ms","2.66","100","AI_PNG_ATLAS_ASSEMBLY_PROFILE_2026-10-02.json","","","","",""
"layout_reuse","plan","comparison","plan","local_process_cpu_mean_ms","0","100","AI_PNG_ATLAS_ASSEMBLY_PROFILE_2026-10-02.json","","","","",""
"layout_reuse","unpack_and_validate","comparison","unpack_and_validate","local_process_cpu_mean_ms","0.31","100","AI_PNG_ATLAS_ASSEMBLY_PROFILE_2026-10-02.json","","","","",""
"layout_reuse","merge","comparison","merge","local_process_cpu_mean_ms","0.16","100","AI_PNG_ATLAS_ASSEMBLY_PROFILE_2026-10-02.json","","","","",""
"layout_reuse","paint","comparison","paint","local_process_cpu_mean_ms","0.46","100","AI_PNG_ATLAS_ASSEMBLY_PROFILE_2026-10-02.json","","","","",""
"layout_reuse","deflate","comparison","deflate","local_process_cpu_mean_ms","0.94","100","AI_PNG_ATLAS_ASSEMBLY_PROFILE_2026-10-02.json","","","","",""
"layout_reuse","pack_and_validate_png","comparison","pack_and_validate_png","local_process_cpu_mean_ms","0.16","100","AI_PNG_ATLAS_ASSEMBLY_PROFILE_2026-10-02.json","","","","",""
"layout_reuse","assembly_duplicate_layout","comparison","assembly_duplicate_layout","local_process_cpu_mean_ms","2.49","100","AI_PNG_ATLAS_ASSEMBLY_PROFILE_2026-10-02.json","","","","",""
"layout_reuse","assembly_reuse_layout","comparison","assembly_reuse_layout","local_process_cpu_mean_ms","2.51","100","AI_PNG_ATLAS_ASSEMBLY_PROFILE_2026-10-02.json","","","","",""
"layout_reuse","plan","long","plan","local_process_cpu_mean_ms","0","100","AI_PNG_ATLAS_ASSEMBLY_PROFILE_2026-10-02.json","","","","",""
"layout_reuse","unpack_and_validate","long","unpack_and_validate","local_process_cpu_mean_ms","0.31","100","AI_PNG_ATLAS_ASSEMBLY_PROFILE_2026-10-02.json","","","","",""
"layout_reuse","merge","long","merge","local_process_cpu_mean_ms","0","100","AI_PNG_ATLAS_ASSEMBLY_PROFILE_2026-10-02.json","","","","",""
"layout_reuse","paint","long","paint","local_process_cpu_mean_ms","0.62","100","AI_PNG_ATLAS_ASSEMBLY_PROFILE_2026-10-02.json","","","","",""
"layout_reuse","deflate","long","deflate","local_process_cpu_mean_ms","1.25","100","AI_PNG_ATLAS_ASSEMBLY_PROFILE_2026-10-02.json","","","","",""
"layout_reuse","pack_and_validate_png","long","pack_and_validate_png","local_process_cpu_mean_ms","0.16","100","AI_PNG_ATLAS_ASSEMBLY_PROFILE_2026-10-02.json","","","","",""
"layout_reuse","assembly_duplicate_layout","long","assembly_duplicate_layout","local_process_cpu_mean_ms","2.97","100","AI_PNG_ATLAS_ASSEMBLY_PROFILE_2026-10-02.json","","","","",""
"layout_reuse","assembly_reuse_layout","long","assembly_reuse_layout","local_process_cpu_mean_ms","3.13","100","AI_PNG_ATLAS_ASSEMBLY_PROFILE_2026-10-02.json","","","","",""
"layout_reuse","plan","long_comparison","plan","local_process_cpu_mean_ms","0.16","100","AI_PNG_ATLAS_ASSEMBLY_PROFILE_2026-10-02.json","","","","",""
"layout_reuse","unpack_and_validate","long_comparison","unpack_and_validate","local_process_cpu_mean_ms","0.31","100","AI_PNG_ATLAS_ASSEMBLY_PROFILE_2026-10-02.json","","","","",""
"layout_reuse","merge","long_comparison","merge","local_process_cpu_mean_ms","0","100","AI_PNG_ATLAS_ASSEMBLY_PROFILE_2026-10-02.json","","","","",""
"layout_reuse","paint","long_comparison","paint","local_process_cpu_mean_ms","0.63","100","AI_PNG_ATLAS_ASSEMBLY_PROFILE_2026-10-02.json","","","","",""
"layout_reuse","deflate","long_comparison","deflate","local_process_cpu_mean_ms","1.09","100","AI_PNG_ATLAS_ASSEMBLY_PROFILE_2026-10-02.json","","","","",""
"layout_reuse","pack_and_validate_png","long_comparison","pack_and_validate_png","local_process_cpu_mean_ms","0.16","100","AI_PNG_ATLAS_ASSEMBLY_PROFILE_2026-10-02.json","","","","",""
"layout_reuse","assembly_duplicate_layout","long_comparison","assembly_duplicate_layout","local_process_cpu_mean_ms","3.28","100","AI_PNG_ATLAS_ASSEMBLY_PROFILE_2026-10-02.json","","","","",""
"layout_reuse","assembly_reuse_layout","long_comparison","assembly_reuse_layout","local_process_cpu_mean_ms","2.81","100","AI_PNG_ATLAS_ASSEMBLY_PROFILE_2026-10-02.json","","","","",""
"layout_reuse","plan","coverage","plan","local_process_cpu_mean_ms","0.32","100","AI_PNG_ATLAS_ASSEMBLY_PROFILE_2026-10-02.json","","","","",""
"layout_reuse","unpack_and_validate","coverage","unpack_and_validate","local_process_cpu_mean_ms","0.47","100","AI_PNG_ATLAS_ASSEMBLY_PROFILE_2026-10-02.json","","","","",""
"layout_reuse","merge","coverage","merge","local_process_cpu_mean_ms","0.15","100","AI_PNG_ATLAS_ASSEMBLY_PROFILE_2026-10-02.json","","","","",""
"layout_reuse","paint","coverage","paint","local_process_cpu_mean_ms","0.79","100","AI_PNG_ATLAS_ASSEMBLY_PROFILE_2026-10-02.json","","","","",""
"layout_reuse","deflate","coverage","deflate","local_process_cpu_mean_ms","1.4","100","AI_PNG_ATLAS_ASSEMBLY_PROFILE_2026-10-02.json","","","","",""
"layout_reuse","pack_and_validate_png","coverage","pack_and_validate_png","local_process_cpu_mean_ms","0.16","100","AI_PNG_ATLAS_ASSEMBLY_PROFILE_2026-10-02.json","","","","",""
"layout_reuse","assembly_duplicate_layout","coverage","assembly_duplicate_layout","local_process_cpu_mean_ms","3.91","100","AI_PNG_ATLAS_ASSEMBLY_PROFILE_2026-10-02.json","","","","",""
"layout_reuse","assembly_reuse_layout","coverage","assembly_reuse_layout","local_process_cpu_mean_ms","3.13","100","AI_PNG_ATLAS_ASSEMBLY_PROFILE_2026-10-02.json","","","","",""
